{
    "format_version": "1.12.0",
    "minecraft:entity": {
      "description": {
        "identifier": "thlmd:danmaku_basic_pellet",
        "is_spawnable": false,
        "is_summonable": true,
        "is_experimental": false,
        "runtime_identifier": "minecraft:xp_bottle"
      },
      "component_groups": {
        "despawn":{ "minecraft:instant_despawn":{ "remove_child_entities": false } },
        "c1":{ "minecraft:variant": { "value": 0 }},
        "c2":{ "minecraft:variant": { "value": 1 }},
        "c3":{ "minecraft:variant": { "value": 2 }},
        "c4":{ "minecraft:variant": { "value": 3 }},
        "c5":{ "minecraft:variant": { "value": 4 }},
        "c6":{ "minecraft:variant": { "value": 5 }},
        "c7":{ "minecraft:variant": { "value": 6 }},
        "c8":{ "minecraft:variant": { "value": 7 }},
        "c9":{ "minecraft:variant": { "value": 8 }},
        "c10":{ "minecraft:variant": { "value": 9 }},
        "c11":{ "minecraft:variant": { "value": 10 }},
        "c12":{ "minecraft:variant": { "value": 11 }},
        "c13":{ "minecraft:variant": { "value": 12 }},
        "init":{
          "minecraft:ageable": {
            "duration": 15,
            "grow_up": {
              "event": "despawn",
              "target": "self"
            }
          }
        },
        "thlm:activated_danmaku":{
          "minecraft:projectile": {
            "liquid_inertia": 0.91,
            "on_hit": { },
            "power": 1.3,
            "gravity": 0,
            "angle_offset": 0,
            "inertia": 1,
            "anchor": 1,
            "offset": [0, 0, 0],
            "catch_fire": false
          }
        }
      },
      "components": {
        "minecraft:despawn": {
          "despawn_from_distance": {
            "max_distance": 128,
            "min_distance": 64
          }
        },
        "minecraft:collision_box": {
          "width": 0,
          "height": 0
        },
        "minecraft:physics": {
          "has_gravity": false
        },
        
        "minecraft:pushable": {
          "is_pushable": false,
          "is_pushable_by_piston": true
        },
        "minecraft:conditional_bandwidth_optimization": {
          "default_values": {
            "max_optimized_distance": 80.0,
            "max_dropped_ticks": 5,
            "use_motion_prediction_hints": true
          }
        }
      },
      "events": {
        "despawn"   :{ "add": { "component_groups": [ "despawn" ] } },
        "minecraft:entity_spawned": {
          "sequence": [
            {
              "add": { "component_groups" : [ "thlm:activated_danmaku" ] }
            },
            {
              "filters": {
                "all_of": [
                  {
                    "test": "is_family",
                    "subject": "other",
                    "value": "player"
                  }
                ]
              },
              "trigger": "init_ramdon"
            }
          ]
        },
        "init_ramdon":{
            "randomize": [
                { "trigger": "init_c1", "weight": 1 },
                { "trigger": "init_c2", "weight": 1 },
                { "trigger": "init_c3", "weight": 1 },
                { "trigger": "init_c4", "weight": 1 },
                { "trigger": "init_c5", "weight": 1 },
                { "trigger": "init_c6", "weight": 1 },
                { "trigger": "init_c7", "weight": 1 },
                { "trigger": "init_c8", "weight": 1 },
                { "trigger": "init_c9", "weight": 1 },
                { "trigger": "init_c10", "weight": 1 },
                { "trigger": "init_c11", "weight": 1 },
                { "trigger": "init_c12", "weight": 1 },
                { "trigger": "init_c13", "weight": 1 }
            ]
        },
        "init_c1":{"sequence": [{ "add": { "component_groups": [ "c1", "init" ] } }]},
        "init_c2":{"sequence": [{ "add": { "component_groups": [ "c2", "init" ] } }]},
        "init_c3":{"sequence": [{ "add": { "component_groups": [ "c3", "init" ] } }]},
        "init_c4":{"sequence": [{ "add": { "component_groups": [ "c4", "init" ] } }]},
        "init_c5":{"sequence": [{ "add": { "component_groups": [ "c5", "init" ] } }]},
        "init_c6":{"sequence": [{ "add": { "component_groups": [ "c6", "init" ] } }]},
        "init_c7":{"sequence": [{ "add": { "component_groups": [ "c7", "init" ] } }]},
        "init_c8":{"sequence": [{ "add": { "component_groups": [ "c8", "init" ] } }]},
        "init_c9":{"sequence": [{ "add": { "component_groups": [ "c9", "init" ] } }]},
        "init_c10":{"sequence": [{ "add": { "component_groups": [ "c10", "init" ] } }]},
        "init_c11":{"sequence": [{ "add": { "component_groups": [ "c11", "init" ] } }]},
        "init_c12":{"sequence": [{ "add": { "component_groups": [ "c12", "init" ] } }]},
        "init_c13":{"sequence": [{ "add": { "component_groups": [ "c13", "init" ] } }]}
      }
    }
}  