{
  "format_version": "1.10.0",
  "minecraft:client_entity": {
    "description": {
      "identifier": "touhou_little_maid:altar_main",
      "materials": { "default": "bee" },
      "textures" : { "default": "textures/entity/altar_main.png" },
      "geometry":  {
        "north": "geometry.touhou_little_maid.altar_main_north",
        "east": "geometry.touhou_little_maid.altar_main_east",
        "south": "geometry.touhou_little_maid.altar_main_south",
        "west": "geometry.touhou_little_maid.altar_main_west"
      },
      "render_controllers": [ "controller.render.touhou_little_maid.altar_main" ]
    }
  }
}