{
   "format_version" : "1.14.0",
   "sound_definitions" :{
      "altar_craft": {
         "category": "ui",
         "sounds": [
           {
             "name": "sounds/block/altar_craft_1",
             "volume": 0.5
           },
           {
            "name": "sounds/block/altar_craft_2",
            "volume": 0.5
          }
         ]
      },
       "power_pop":{
        "category": "player",
        "sounds": [
          {
            "is3D" : false,
            "load_on_low_memory": false,
            "name" : "sounds/random/pop",
            "volume" : 0.5, "pitch": 1, "weight" : 4
          },
          {
            "is3D" : false,
            "load_on_low_memory": false,
            "name" : "sounds/random/pop",
            "volume" : 0.5, "pitch": 1.2, "weight" : 3
          },
          {
            "is3D" : false,
            "load_on_low_memory": false,
            "name" : "sounds/random/pop",
            "volume" : 0.5, "pitch": 1.4, "weight" : 2
          },
          {
            "is3D" : false,
            "load_on_low_memory": false,
            "name" : "sounds/random/pop",
            "volume" : 0.5, "pitch": 1.6, "weight" : 3
          },
          {
            "is3D" : false,
            "load_on_low_memory": false,
            "name" : "sounds/random/pop",
            "volume" : 0.5, "pitch": 1.8, "weight" : 4
          },
          {
            "is3D" : false,
            "load_on_low_memory": true,
            "name" : "sounds/random/pop",
            "volume" : 0.5, "pitch": 2, "weight" : 5
          }
        ]
      }
   }
}
