{
	"format_version": "1.8.0",
	"animations": {
		"animation.Euler_Angles.new": {
			"animation_length": 3.8,
			"bones": {
				"direction": {
					"rotation": {
						"0.0": [0, 0, 0],
						"1.2": [0, 0, -42.5],
						"2.44": [0, 0, -42.5],
						"3.44": [0, 0, -42.5]
					}
				},
				"normal": {
					"rotation": {
						"0.0": [0, 0, 0],
						"1.2": [0, 0, 0],
						"2.44": [37.5, 0, 0],
						"3.44": [37.5, 0, 0]
					}
				},
				"axis": {
					"rotation": {
						"0.0": [0, 0, 0],
						"1.2": [0, 0, 0],
						"2.44": [0, 0, 0],
						"2.92": [0, -27.5, 0],
						"3.44": [0, 27.5, 0]
					}
				}
			}
		}
	}
}