{
	"format_version": "1.8.0",
	"animations": {
		"animation.hakurei_gohei.wield": {
			"loop": true,
			"bones": {
				"rightitem": {
					"rotation": ["c.is_first_person ? 126 : 90", "c.is_first_person ? 41 : 2", "c.is_first_person ? 346 : 357"],
					"position": ["c.is_first_person ? -0.5 : 0", "c.is_first_person ? 29.5 : 22", "c.is_first_person ? 8.5 : 2"]
				}
			}
		},
		"animation.hakurei_gohei.wield_first_person_pull": {
			"loop": true,
			"bones": {
				"rightitem": {
					"rotation": [-10, 10, -10],
					"position": [0, 3, -8]
				},
				"item": {
					"position": ["math.sin( (q.life_time) * 1000.0 * 1.3) * 0.1 - math.sin(q.life_time * 45.0) * 0.5", 0, 0]
				}
			}
		},
		"animation.hakurei_gohei.hide_cross": {
			"loop": true,
			"bones": {
				"cross": {
					"scale": 0
				}
			}
		}
	}
}