{
	"format_version": "1.12.0",
	"minecraft:geometry": [
		{
			"description": {
				"identifier": "geometry.camera_in_hand",
				"texture_width": 64,
				"texture_height": 64,
				"visible_bounds_width": 2,
				"visible_bounds_height": 2.5,
				"visible_bounds_offset": [0, 0.75, 0]
			},
			"bones": [
				{
					"name": "group2",
					"pivot": [0, 8, 0]
				},
				{
					"name": "group3",
					"parent": "group2",
					"pivot": [-4, 0.5, -4.29289],
					"cubes": [
						{
							"origin": [-5, 0, -1],
							"size": [10, 1, 1],
							"uv": {
								"north": {"uv": [22, 14], "uv_size": [10, 1]},
								"east": {"uv": [21, 14], "uv_size": [1, 1]},
								"south": {"uv": [33, 14], "uv_size": [10, 1]},
								"west": {"uv": [32, 14], "uv_size": [1, 1]},
								"up": {"uv": [22, 13], "uv_size": [10, 1]},
								"down": {"uv": [32, 14], "uv_size": [10, -1]}
							}
						},
						{
							"origin": [-5, 0, -0.29289],
							"size": [10, 1, 3],
							"uv": {
								"north": {"uv": [3, 3], "uv_size": [10, 1]},
								"east": {"uv": [0, 3], "uv_size": [3, 1]},
								"south": {"uv": [16, 3], "uv_size": [10, 1]},
								"west": {"uv": [13, 3], "uv_size": [3, 1]},
								"up": {"uv": [3, 0], "uv_size": [10, 3]},
								"down": {"uv": [13, 3], "uv_size": [10, -3]}
							}
						},
						{
							"origin": [4.70711, 0, -0.29289],
							"size": [1, 1, 3],
							"uv": {
								"north": {"uv": [31, 31], "uv_size": [1, 1]},
								"east": {"uv": [28, 31], "uv_size": [3, 1]},
								"south": {"uv": [35, 31], "uv_size": [1, 1]},
								"west": {"uv": [32, 31], "uv_size": [3, 1]},
								"up": {"uv": [31, 28], "uv_size": [1, 3]},
								"down": {"uv": [32, 31], "uv_size": [1, -3]}
							}
						},
						{
							"origin": [4.5, 0, -0.79289],
							"size": [1, 1, 1],
							"pivot": [5, 0.5, -0.29289],
							"rotation": [0, 45, 0],
							"uv": {
								"north": {"uv": [44, 28], "uv_size": [1, 1]},
								"east": {"uv": [43, 28], "uv_size": [1, 1]},
								"south": {"uv": [46, 28], "uv_size": [1, 1]},
								"west": {"uv": [45, 28], "uv_size": [1, 1]},
								"up": {"uv": [44, 27], "uv_size": [1, 1]},
								"down": {"uv": [45, 28], "uv_size": [1, -1]}
							}
						},
						{
							"origin": [4.5, 0, 2.20711],
							"size": [1, 1, 1],
							"pivot": [5, 0.5, 2.70711],
							"rotation": [0, 45, 0],
							"uv": {
								"north": {"uv": [23, 44], "uv_size": [1, 1]},
								"east": {"uv": [22, 44], "uv_size": [1, 1]},
								"south": {"uv": [25, 44], "uv_size": [1, 1]},
								"west": {"uv": [24, 44], "uv_size": [1, 1]},
								"up": {"uv": [23, 43], "uv_size": [1, 1]},
								"down": {"uv": [24, 44], "uv_size": [1, -1]}
							}
						},
						{
							"origin": [-5, 0, 2.41421],
							"size": [10, 1, 1],
							"uv": {
								"north": {"uv": [19, 21], "uv_size": [10, 1]},
								"east": {"uv": [18, 21], "uv_size": [1, 1]},
								"south": {"uv": [30, 21], "uv_size": [10, 1]},
								"west": {"uv": [29, 21], "uv_size": [1, 1]},
								"up": {"uv": [19, 20], "uv_size": [10, 1]},
								"down": {"uv": [29, 21], "uv_size": [10, -1]}
							}
						},
						{
							"origin": [-5.70711, 0, -0.29289],
							"size": [1, 1, 3],
							"uv": {
								"north": {"uv": [26, 30], "uv_size": [1, 1]},
								"east": {"uv": [23, 30], "uv_size": [3, 1]},
								"south": {"uv": [30, 30], "uv_size": [1, 1]},
								"west": {"uv": [27, 30], "uv_size": [3, 1]},
								"up": {"uv": [26, 27], "uv_size": [1, 3]},
								"down": {"uv": [27, 30], "uv_size": [1, -3]}
							}
						},
						{
							"origin": [-5.5, 0, -0.79289],
							"size": [1, 1, 1],
							"pivot": [-5, 0.5, -0.29289],
							"rotation": [0, -45, 0],
							"uv": {
								"north": {"uv": [44, 21], "uv_size": [1, 1]},
								"east": {"uv": [43, 21], "uv_size": [1, 1]},
								"south": {"uv": [46, 21], "uv_size": [1, 1]},
								"west": {"uv": [45, 21], "uv_size": [1, 1]},
								"up": {"uv": [44, 20], "uv_size": [1, 1]},
								"down": {"uv": [45, 21], "uv_size": [1, -1]}
							}
						},
						{
							"origin": [-5.5, 0, 2.20711],
							"size": [1, 1, 1],
							"pivot": [-5, 0.5, 2.70711],
							"rotation": [0, -45, 0],
							"uv": {
								"north": {"uv": [19, 44], "uv_size": [1, 1]},
								"east": {"uv": [18, 44], "uv_size": [1, 1]},
								"south": {"uv": [21, 44], "uv_size": [1, 1]},
								"west": {"uv": [20, 44], "uv_size": [1, 1]},
								"up": {"uv": [19, 43], "uv_size": [1, 1]},
								"down": {"uv": [20, 44], "uv_size": [1, -1]}
							}
						}
					]
				},
				{
					"name": "group4",
					"parent": "group2",
					"pivot": [-4, 0.5, -4.29289],
					"cubes": [
						{
							"origin": [-5, 6, -1],
							"size": [10, 1, 1],
							"uv": {
								"north": {"uv": [23, 11], "uv_size": [10, 1]},
								"east": {"uv": [22, 11], "uv_size": [1, 1]},
								"south": {"uv": [34, 11], "uv_size": [10, 1]},
								"west": {"uv": [33, 11], "uv_size": [1, 1]},
								"up": {"uv": [23, 10], "uv_size": [10, 1]},
								"down": {"uv": [33, 11], "uv_size": [10, -1]}
							}
						},
						{
							"origin": [-5, 6, -0.29289],
							"size": [10, 1, 3],
							"uv": {
								"north": {"uv": [3, 7], "uv_size": [10, 1]},
								"east": {"uv": [0, 7], "uv_size": [3, 1]},
								"south": {"uv": [16, 7], "uv_size": [10, 1]},
								"west": {"uv": [13, 7], "uv_size": [3, 1]},
								"up": {"uv": [3, 4], "uv_size": [10, 3]},
								"down": {"uv": [13, 7], "uv_size": [10, -3]}
							}
						},
						{
							"origin": [3, 7, -0.29289],
							"size": [2, 1, 3],
							"uv": {
								"north": {"uv": [11, 29], "uv_size": [2, 1]},
								"east": {"uv": [8, 29], "uv_size": [3, 1]},
								"south": {"uv": [16, 29], "uv_size": [2, 1]},
								"west": {"uv": [13, 29], "uv_size": [3, 1]},
								"up": {"uv": [11, 26], "uv_size": [2, 3]},
								"down": {"uv": [13, 29], "uv_size": [2, -3]}
							}
						},
						{
							"origin": [1, 7, -0.29289],
							"size": [2, 1, 3],
							"pivot": [3, 8, 1.20711],
							"rotation": [0, 0, -45],
							"uv": {
								"north": {"uv": [26, 4], "uv_size": [2, 1]},
								"east": {"uv": [23, 4], "uv_size": [3, 1]},
								"south": {"uv": [31, 4], "uv_size": [2, 1]},
								"west": {"uv": [28, 4], "uv_size": [3, 1]},
								"up": {"uv": [26, 1], "uv_size": [2, 3]},
								"down": {"uv": [28, 4], "uv_size": [2, -3]}
							}
						},
						{
							"origin": [4.70711, 6, -0.29289],
							"size": [1, 2, 3],
							"uv": {
								"north": {"uv": [29, 25], "uv_size": [1, 2]},
								"east": {"uv": [26, 25], "uv_size": [3, 2]},
								"south": {"uv": [33, 25], "uv_size": [1, 2]},
								"west": {"uv": [30, 25], "uv_size": [3, 2]},
								"up": {"uv": [29, 22], "uv_size": [1, 3]},
								"down": {"uv": [30, 25], "uv_size": [1, -3]}
							}
						},
						{
							"origin": [4.5, 6, -0.79289],
							"size": [1, 2, 1],
							"pivot": [5, 6.5, -0.29289],
							"rotation": [0, 45, 0],
							"uv": {
								"north": {"uv": [42, 39], "uv_size": [1, 2]},
								"east": {"uv": [41, 39], "uv_size": [1, 2]},
								"south": {"uv": [44, 39], "uv_size": [1, 2]},
								"west": {"uv": [43, 39], "uv_size": [1, 2]},
								"up": {"uv": [42, 38], "uv_size": [1, 1]},
								"down": {"uv": [43, 39], "uv_size": [1, -1]}
							}
						},
						{
							"origin": [4.5, 6, 2.20711],
							"size": [1, 2, 1],
							"pivot": [5, 6.5, 2.70711],
							"rotation": [0, 45, 0],
							"uv": {
								"north": {"uv": [42, 34], "uv_size": [1, 2]},
								"east": {"uv": [41, 34], "uv_size": [1, 2]},
								"south": {"uv": [44, 34], "uv_size": [1, 2]},
								"west": {"uv": [43, 34], "uv_size": [1, 2]},
								"up": {"uv": [42, 33], "uv_size": [1, 1]},
								"down": {"uv": [43, 34], "uv_size": [1, -1]}
							}
						},
						{
							"origin": [-5, 6, 2.41421],
							"size": [10, 1, 1],
							"uv": {
								"north": {"uv": [23, 9], "uv_size": [10, 1]},
								"east": {"uv": [22, 9], "uv_size": [1, 1]},
								"south": {"uv": [34, 9], "uv_size": [10, 1]},
								"west": {"uv": [33, 9], "uv_size": [1, 1]},
								"up": {"uv": [23, 8], "uv_size": [10, 1]},
								"down": {"uv": [33, 9], "uv_size": [10, -1]}
							}
						},
						{
							"origin": [3, 7, -1],
							"size": [2, 1, 1],
							"uv": {
								"north": {"uv": [25, 39], "uv_size": [2, 1]},
								"east": {"uv": [24, 39], "uv_size": [1, 1]},
								"south": {"uv": [28, 39], "uv_size": [2, 1]},
								"west": {"uv": [27, 39], "uv_size": [1, 1]},
								"up": {"uv": [25, 38], "uv_size": [2, 1]},
								"down": {"uv": [27, 39], "uv_size": [2, -1]}
							}
						},
						{
							"origin": [3.2, 6.6, -1.05],
							"size": [0.8, 0.8, 0.8],
							"uv": {
								"north": {"uv": [44, 17], "uv_size": [1, 1]},
								"east": {"uv": [43, 17], "uv_size": [1, 1]},
								"south": {"uv": [46, 17], "uv_size": [1, 1]},
								"west": {"uv": [45, 17], "uv_size": [1, 1]},
								"up": {"uv": [44, 16], "uv_size": [1, 1]},
								"down": {"uv": [45, 17], "uv_size": [1, -1]}
							}
						},
						{
							"origin": [-4, 1, -1],
							"size": [8, 5, 1],
							"uv": {
								"north": {"uv": [1, 21], "uv_size": [8, 5]},
								"east": {"uv": [0, 21], "uv_size": [1, 5]},
								"south": {"uv": [10, 21], "uv_size": [8, 5]},
								"west": {"uv": [9, 21], "uv_size": [1, 5]},
								"up": {"uv": [1, 20], "uv_size": [8, 1]},
								"down": {"uv": [9, 21], "uv_size": [8, -1]}
							}
						},
						{
							"origin": [3, 7, 2.41421],
							"size": [2, 1, 1],
							"uv": {
								"north": {"uv": [39, 27], "uv_size": [2, 1]},
								"east": {"uv": [38, 27], "uv_size": [1, 1]},
								"south": {"uv": [42, 27], "uv_size": [2, 1]},
								"west": {"uv": [41, 27], "uv_size": [1, 1]},
								"up": {"uv": [39, 26], "uv_size": [2, 1]},
								"down": {"uv": [41, 27], "uv_size": [2, -1]}
							}
						},
						{
							"origin": [1, 7, -1],
							"size": [2, 1, 1],
							"pivot": [3, 8, 1.20711],
							"rotation": [0, 0, -45],
							"uv": {
								"north": {"uv": [38, 4], "uv_size": [2, 1]},
								"east": {"uv": [37, 4], "uv_size": [1, 1]},
								"south": {"uv": [41, 4], "uv_size": [2, 1]},
								"west": {"uv": [40, 4], "uv_size": [1, 1]},
								"up": {"uv": [38, 3], "uv_size": [2, 1]},
								"down": {"uv": [40, 4], "uv_size": [2, -1]}
							}
						},
						{
							"origin": [1, 7, 2.41421],
							"size": [2, 1, 1],
							"pivot": [3, 8, 1.20711],
							"rotation": [0, 0, -45],
							"uv": {
								"north": {"uv": [37, 38], "uv_size": [2, 1]},
								"east": {"uv": [36, 38], "uv_size": [1, 1]},
								"south": {"uv": [40, 38], "uv_size": [2, 1]},
								"west": {"uv": [39, 38], "uv_size": [1, 1]},
								"up": {"uv": [37, 37], "uv_size": [2, 1]},
								"down": {"uv": [39, 38], "uv_size": [2, -1]}
							}
						},
						{
							"origin": [-5.70711, 6, -0.29289],
							"size": [1, 1, 3],
							"uv": {
								"north": {"uv": [33, 3], "uv_size": [1, 1]},
								"east": {"uv": [30, 3], "uv_size": [3, 1]},
								"south": {"uv": [37, 3], "uv_size": [1, 1]},
								"west": {"uv": [34, 3], "uv_size": [3, 1]},
								"up": {"uv": [33, 0], "uv_size": [1, 3]},
								"down": {"uv": [34, 3], "uv_size": [1, -3]}
							}
						},
						{
							"origin": [-5.5, 6, -0.79289],
							"size": [1, 1, 1],
							"pivot": [-5, 6.5, -0.29289],
							"rotation": [0, -45, 0],
							"uv": {
								"north": {"uv": [40, 44], "uv_size": [1, 1]},
								"east": {"uv": [39, 44], "uv_size": [1, 1]},
								"south": {"uv": [42, 44], "uv_size": [1, 1]},
								"west": {"uv": [41, 44], "uv_size": [1, 1]},
								"up": {"uv": [40, 43], "uv_size": [1, 1]},
								"down": {"uv": [41, 44], "uv_size": [1, -1]}
							}
						},
						{
							"origin": [-5.5, 6, 2.20711],
							"size": [1, 1, 1],
							"pivot": [-5, 6.5, 2.70711],
							"rotation": [0, -45, 0],
							"uv": {
								"north": {"uv": [44, 30], "uv_size": [1, 1]},
								"east": {"uv": [43, 30], "uv_size": [1, 1]},
								"south": {"uv": [46, 30], "uv_size": [1, 1]},
								"west": {"uv": [45, 30], "uv_size": [1, 1]},
								"up": {"uv": [44, 29], "uv_size": [1, 1]},
								"down": {"uv": [45, 30], "uv_size": [1, -1]}
							}
						}
					]
				},
				{
					"name": "group5",
					"parent": "group4",
					"pivot": [0, 6.5, 1.20711],
					"cubes": [
						{
							"origin": [-4.12574, 7, 1.7],
							"size": [0.6, 0.6, 0.6],
							"uv": {
								"north": {"uv": [15, 44], "uv_size": [1, 1]},
								"east": {"uv": [14, 44], "uv_size": [1, 1]},
								"south": {"uv": [17, 44], "uv_size": [1, 1]},
								"west": {"uv": [16, 44], "uv_size": [1, 1]},
								"up": {"uv": [15, 43], "uv_size": [1, 1]},
								"down": {"uv": [16, 44], "uv_size": [1, -1]}
							}
						},
						{
							"origin": [-4.55, 7, 1.7],
							"size": [0.6, 0.6, 0.6],
							"uv": {
								"north": {"uv": [43, 15], "uv_size": [1, 1]},
								"east": {"uv": [42, 15], "uv_size": [1, 1]},
								"south": {"uv": [45, 15], "uv_size": [1, 1]},
								"west": {"uv": [44, 15], "uv_size": [1, 1]},
								"up": {"uv": [43, 14], "uv_size": [1, 1]},
								"down": {"uv": [44, 15], "uv_size": [1, -1]}
							}
						},
						{
							"origin": [-4.55, 7, 2.12426],
							"size": [0.6, 0.6, 0.6],
							"pivot": [-4.25, 7.3, 2],
							"rotation": [0, 45, 0],
							"uv": {
								"north": {"uv": [44, 10], "uv_size": [1, 1]},
								"east": {"uv": [43, 10], "uv_size": [1, 1]},
								"south": {"uv": [46, 10], "uv_size": [1, 1]},
								"west": {"uv": [45, 10], "uv_size": [1, 1]},
								"up": {"uv": [44, 9], "uv_size": [1, 1]},
								"down": {"uv": [45, 10], "uv_size": [1, -1]}
							}
						},
						{
							"origin": [-4.55, 7, 2.12426],
							"size": [0.6, 0.6, 0.6],
							"uv": {
								"north": {"uv": [1, 44], "uv_size": [1, 1]},
								"east": {"uv": [0, 44], "uv_size": [1, 1]},
								"south": {"uv": [3, 44], "uv_size": [1, 1]},
								"west": {"uv": [2, 44], "uv_size": [1, 1]},
								"up": {"uv": [1, 43], "uv_size": [1, 1]},
								"down": {"uv": [2, 44], "uv_size": [1, -1]}
							}
						},
						{
							"origin": [-4.55, 7, 2.12426],
							"size": [0.6, 0.6, 0.6],
							"pivot": [-4.25, 7.3, 2],
							"rotation": [0, -45, 0],
							"uv": {
								"north": {"uv": [44, 4], "uv_size": [1, 1]},
								"east": {"uv": [43, 4], "uv_size": [1, 1]},
								"south": {"uv": [46, 4], "uv_size": [1, 1]},
								"west": {"uv": [45, 4], "uv_size": [1, 1]},
								"up": {"uv": [44, 3], "uv_size": [1, 1]},
								"down": {"uv": [45, 4], "uv_size": [1, -1]}
							}
						},
						{
							"origin": [-4.97426, 7, 1.7],
							"size": [0.6, 0.6, 0.6],
							"uv": {
								"north": {"uv": [43, 25], "uv_size": [1, 1]},
								"east": {"uv": [42, 25], "uv_size": [1, 1]},
								"south": {"uv": [45, 25], "uv_size": [1, 1]},
								"west": {"uv": [44, 25], "uv_size": [1, 1]},
								"up": {"uv": [43, 24], "uv_size": [1, 1]},
								"down": {"uv": [44, 25], "uv_size": [1, -1]}
							}
						},
						{
							"origin": [-4.55, 7, 1.27574],
							"size": [0.6, 0.6, 0.6],
							"pivot": [-4.25, 7.3, 2],
							"rotation": [0, 45, 0],
							"uv": {
								"north": {"uv": [29, 43], "uv_size": [1, 1]},
								"east": {"uv": [28, 43], "uv_size": [1, 1]},
								"south": {"uv": [31, 43], "uv_size": [1, 1]},
								"west": {"uv": [30, 43], "uv_size": [1, 1]},
								"up": {"uv": [29, 42], "uv_size": [1, 1]},
								"down": {"uv": [30, 43], "uv_size": [1, -1]}
							}
						},
						{
							"origin": [-4.55, 7, 1.27574],
							"size": [0.6, 0.6, 0.6],
							"uv": {
								"north": {"uv": [33, 43], "uv_size": [1, 1]},
								"east": {"uv": [32, 43], "uv_size": [1, 1]},
								"south": {"uv": [35, 43], "uv_size": [1, 1]},
								"west": {"uv": [34, 43], "uv_size": [1, 1]},
								"up": {"uv": [33, 42], "uv_size": [1, 1]},
								"down": {"uv": [34, 43], "uv_size": [1, -1]}
							}
						},
						{
							"origin": [-4.12574, 7, 1.7],
							"size": [0.6, 0.6, 0.6],
							"pivot": [-4.25, 7.3, 2],
							"rotation": [0, 45, 0],
							"uv": {
								"north": {"uv": [37, 43], "uv_size": [1, 1]},
								"east": {"uv": [36, 43], "uv_size": [1, 1]},
								"south": {"uv": [39, 43], "uv_size": [1, 1]},
								"west": {"uv": [38, 43], "uv_size": [1, 1]},
								"up": {"uv": [37, 42], "uv_size": [1, 1]},
								"down": {"uv": [38, 43], "uv_size": [1, -1]}
							}
						}
					]
				},
				{
					"name": "group6",
					"parent": "group4",
					"pivot": [0, 6.5, 1.20711],
					"cubes": [
						{
							"origin": [-1.5, 7.35, 0.25],
							"size": [2, 1, 2],
							"uv": {
								"north": {"uv": [25, 18], "uv_size": [3, 2]},
								"east": {"uv": [22, 18], "uv_size": [3, 2]},
								"south": {"uv": [31, 18], "uv_size": [3, 2]},
								"west": {"uv": [28, 18], "uv_size": [3, 2]},
								"up": {"uv": [25, 15], "uv_size": [3, 3]},
								"down": {"uv": [28, 18], "uv_size": [3, -3]}
							}
						},
						{
							"origin": [0.4082, 6.75, 0.95],
							"size": [0.6, 1.6, 0.6],
							"uv": {
								"north": {"uv": [42, 6], "uv_size": [1, 2]},
								"east": {"uv": [41, 6], "uv_size": [1, 2]},
								"south": {"uv": [44, 6], "uv_size": [1, 2]},
								"west": {"uv": [43, 6], "uv_size": [1, 2]},
								"up": {"uv": [42, 5], "uv_size": [1, 1]},
								"down": {"uv": [43, 6], "uv_size": [1, -1]}
							}
						},
						{
							"origin": [0.4082, 6.75, 0.95],
							"size": [0.6, 1.6, 0.6],
							"pivot": [-0.5, 7.55, 1.25],
							"rotation": [0, -22.5, 0],
							"uv": {
								"north": {"uv": [42, 1], "uv_size": [1, 2]},
								"east": {"uv": [41, 1], "uv_size": [1, 2]},
								"south": {"uv": [44, 1], "uv_size": [1, 2]},
								"west": {"uv": [43, 1], "uv_size": [1, 2]},
								"up": {"uv": [42, 0], "uv_size": [1, 1]},
								"down": {"uv": [43, 1], "uv_size": [1, -1]}
							}
						},
						{
							"origin": [0.4082, 6.75, 0.95],
							"size": [0.6, 1.6, 0.6],
							"pivot": [-0.5, 7.55, 1.25],
							"rotation": [0, -45, 0],
							"uv": {
								"north": {"uv": [41, 22], "uv_size": [1, 2]},
								"east": {"uv": [40, 22], "uv_size": [1, 2]},
								"south": {"uv": [43, 22], "uv_size": [1, 2]},
								"west": {"uv": [42, 22], "uv_size": [1, 2]},
								"up": {"uv": [41, 21], "uv_size": [1, 1]},
								"down": {"uv": [42, 22], "uv_size": [1, -1]}
							}
						},
						{
							"origin": [-0.8, 6.75, 2.1582],
							"size": [0.6, 1.6, 0.6],
							"pivot": [-0.5, 7.55, 1.25],
							"rotation": [0, 22.5, 0],
							"uv": {
								"north": {"uv": [26, 41], "uv_size": [1, 2]},
								"east": {"uv": [25, 41], "uv_size": [1, 2]},
								"south": {"uv": [28, 41], "uv_size": [1, 2]},
								"west": {"uv": [27, 41], "uv_size": [1, 2]},
								"up": {"uv": [26, 40], "uv_size": [1, 1]},
								"down": {"uv": [27, 41], "uv_size": [1, -1]}
							}
						},
						{
							"origin": [-0.8, 6.75, 2.1582],
							"size": [0.6, 1.6, 0.6],
							"uv": {
								"north": {"uv": [1, 41], "uv_size": [1, 2]},
								"east": {"uv": [0, 41], "uv_size": [1, 2]},
								"south": {"uv": [3, 41], "uv_size": [1, 2]},
								"west": {"uv": [2, 41], "uv_size": [1, 2]},
								"up": {"uv": [1, 40], "uv_size": [1, 1]},
								"down": {"uv": [2, 41], "uv_size": [1, -1]}
							}
						},
						{
							"origin": [-0.8, 6.75, 2.1582],
							"size": [0.6, 1.6, 0.6],
							"pivot": [-0.5, 7.55, 1.25],
							"rotation": [0, -22.5, 0],
							"uv": {
								"north": {"uv": [18, 41], "uv_size": [1, 2]},
								"east": {"uv": [17, 41], "uv_size": [1, 2]},
								"south": {"uv": [20, 41], "uv_size": [1, 2]},
								"west": {"uv": [19, 41], "uv_size": [1, 2]},
								"up": {"uv": [18, 40], "uv_size": [1, 1]},
								"down": {"uv": [19, 41], "uv_size": [1, -1]}
							}
						},
						{
							"origin": [-2.0082, 6.75, 0.95],
							"size": [0.6, 1.6, 0.6],
							"pivot": [-0.5, 7.55, 1.25],
							"rotation": [0, 22.5, 0],
							"uv": {
								"north": {"uv": [41, 19], "uv_size": [1, 2]},
								"east": {"uv": [40, 19], "uv_size": [1, 2]},
								"south": {"uv": [43, 19], "uv_size": [1, 2]},
								"west": {"uv": [42, 19], "uv_size": [1, 2]},
								"up": {"uv": [41, 18], "uv_size": [1, 1]},
								"down": {"uv": [42, 19], "uv_size": [1, -1]}
							}
						},
						{
							"origin": [-2.0082, 6.75, 0.95],
							"size": [0.6, 1.6, 0.6],
							"pivot": [-0.5, 7.55, 1.25],
							"rotation": [0, 45, 0],
							"uv": {
								"north": {"uv": [22, 41], "uv_size": [1, 2]},
								"east": {"uv": [21, 41], "uv_size": [1, 2]},
								"south": {"uv": [24, 41], "uv_size": [1, 2]},
								"west": {"uv": [23, 41], "uv_size": [1, 2]},
								"up": {"uv": [22, 40], "uv_size": [1, 1]},
								"down": {"uv": [23, 41], "uv_size": [1, -1]}
							}
						},
						{
							"origin": [-2.0082, 6.75, 0.95],
							"size": [0.6, 1.6, 0.6],
							"uv": {
								"north": {"uv": [6, 40], "uv_size": [1, 2]},
								"east": {"uv": [5, 40], "uv_size": [1, 2]},
								"south": {"uv": [8, 40], "uv_size": [1, 2]},
								"west": {"uv": [7, 40], "uv_size": [1, 2]},
								"up": {"uv": [6, 39], "uv_size": [1, 1]},
								"down": {"uv": [7, 40], "uv_size": [1, -1]}
							}
						},
						{
							"origin": [-2.0082, 6.75, 0.95],
							"size": [0.6, 1.6, 0.6],
							"pivot": [-0.5, 7.55, 1.25],
							"rotation": [0, -22.5, 0],
							"uv": {
								"north": {"uv": [10, 40], "uv_size": [1, 2]},
								"east": {"uv": [9, 40], "uv_size": [1, 2]},
								"south": {"uv": [12, 40], "uv_size": [1, 2]},
								"west": {"uv": [11, 40], "uv_size": [1, 2]},
								"up": {"uv": [10, 39], "uv_size": [1, 1]},
								"down": {"uv": [11, 40], "uv_size": [1, -1]}
							}
						},
						{
							"origin": [-0.8, 6.75, -0.2582],
							"size": [0.6, 1.6, 0.6],
							"pivot": [-0.5, 7.55, 1.25],
							"rotation": [0, 22.5, 0],
							"uv": {
								"north": {"uv": [14, 40], "uv_size": [1, 2]},
								"east": {"uv": [13, 40], "uv_size": [1, 2]},
								"south": {"uv": [16, 40], "uv_size": [1, 2]},
								"west": {"uv": [15, 40], "uv_size": [1, 2]},
								"up": {"uv": [14, 39], "uv_size": [1, 1]},
								"down": {"uv": [15, 40], "uv_size": [1, -1]}
							}
						},
						{
							"origin": [-2.0082, 6.75, 0.95],
							"size": [0.6, 1.6, 0.6],
							"pivot": [-0.5, 7.55, 1.25],
							"rotation": [0, -45, 0],
							"uv": {
								"north": {"uv": [40, 16], "uv_size": [1, 2]},
								"east": {"uv": [39, 16], "uv_size": [1, 2]},
								"south": {"uv": [42, 16], "uv_size": [1, 2]},
								"west": {"uv": [41, 16], "uv_size": [1, 2]},
								"up": {"uv": [40, 15], "uv_size": [1, 1]},
								"down": {"uv": [41, 16], "uv_size": [1, -1]}
							}
						},
						{
							"origin": [-0.8, 6.75, -0.2582],
							"size": [0.6, 1.6, 0.6],
							"pivot": [-0.5, 7.55, 1.25],
							"rotation": [0, -45, 0],
							"uv": {
								"north": {"uv": [40, 29], "uv_size": [1, 2]},
								"east": {"uv": [39, 29], "uv_size": [1, 2]},
								"south": {"uv": [42, 29], "uv_size": [1, 2]},
								"west": {"uv": [41, 29], "uv_size": [1, 2]},
								"up": {"uv": [40, 28], "uv_size": [1, 1]},
								"down": {"uv": [41, 29], "uv_size": [1, -1]}
							}
						},
						{
							"origin": [0.4082, 6.75, 0.95],
							"size": [0.6, 1.6, 0.6],
							"pivot": [-0.5, 7.55, 1.25],
							"rotation": [0, 22.5, 0],
							"uv": {
								"north": {"uv": [30, 40], "uv_size": [1, 2]},
								"east": {"uv": [29, 40], "uv_size": [1, 2]},
								"south": {"uv": [32, 40], "uv_size": [1, 2]},
								"west": {"uv": [31, 40], "uv_size": [1, 2]},
								"up": {"uv": [30, 39], "uv_size": [1, 1]},
								"down": {"uv": [31, 40], "uv_size": [1, -1]}
							}
						},
						{
							"origin": [-0.8, 6.75, -0.2582],
							"size": [0.6, 1.6, 0.6],
							"pivot": [-0.5, 7.55, 1.25],
							"rotation": [0, -22.5, 0],
							"uv": {
								"north": {"uv": [34, 40], "uv_size": [1, 2]},
								"east": {"uv": [33, 40], "uv_size": [1, 2]},
								"south": {"uv": [36, 40], "uv_size": [1, 2]},
								"west": {"uv": [35, 40], "uv_size": [1, 2]},
								"up": {"uv": [34, 39], "uv_size": [1, 1]},
								"down": {"uv": [35, 40], "uv_size": [1, -1]}
							}
						},
						{
							"origin": [-0.8, 6.75, -0.2582],
							"size": [0.6, 1.6, 0.6],
							"uv": {
								"north": {"uv": [38, 40], "uv_size": [1, 2]},
								"east": {"uv": [37, 40], "uv_size": [1, 2]},
								"south": {"uv": [40, 40], "uv_size": [1, 2]},
								"west": {"uv": [39, 40], "uv_size": [1, 2]},
								"up": {"uv": [38, 39], "uv_size": [1, 1]},
								"down": {"uv": [39, 40], "uv_size": [1, -1]}
							}
						}
					]
				},
				{
					"name": "group7",
					"parent": "group4",
					"pivot": [3, 7.5, -0.5],
					"cubes": [
						{
							"origin": [-2.02678, 2.12678, -2.1],
							"size": [0.5, 0.5, 1.5],
							"uv": {
								"north": {"uv": [30, 34], "uv_size": [1, 1]},
								"east": {"uv": [28, 34], "uv_size": [2, 1]},
								"south": {"uv": [33, 34], "uv_size": [1, 1]},
								"west": {"uv": [31, 34], "uv_size": [2, 1]},
								"up": {"uv": [30, 32], "uv_size": [1, 2]},
								"down": {"uv": [31, 34], "uv_size": [1, -2]}
							}
						},
						{
							"origin": [-1.56967, 2.36789, -2.1],
							"size": [0.5, 0.5, 1.5],
							"pivot": [-1.25717, 1.592, -0.85],
							"rotation": [0, 0, -45],
							"uv": {
								"north": {"uv": [34, 27], "uv_size": [1, 1]},
								"east": {"uv": [32, 27], "uv_size": [2, 1]},
								"south": {"uv": [37, 27], "uv_size": [1, 1]},
								"west": {"uv": [35, 27], "uv_size": [2, 1]},
								"up": {"uv": [34, 25], "uv_size": [1, 2]},
								"down": {"uv": [35, 27], "uv_size": [1, -2]}
							}
						},
						{
							"origin": [-2.38033, 1.77322, -2.1],
							"size": [0.5, 0.5, 1.5],
							"uv": {
								"north": {"uv": [33, 24], "uv_size": [1, 1]},
								"east": {"uv": [31, 24], "uv_size": [2, 1]},
								"south": {"uv": [36, 24], "uv_size": [1, 1]},
								"west": {"uv": [34, 24], "uv_size": [2, 1]},
								"up": {"uv": [33, 22], "uv_size": [1, 2]},
								"down": {"uv": [34, 24], "uv_size": [1, -2]}
							}
						},
						{
							"origin": [-2.62145, 2.23033, -2.1],
							"size": [0.5, 0.5, 1.5],
							"pivot": [-1.34556, 2.54283, -0.85],
							"rotation": [0, 0, -45],
							"uv": {
								"north": {"uv": [26, 33], "uv_size": [1, 1]},
								"east": {"uv": [24, 33], "uv_size": [2, 1]},
								"south": {"uv": [29, 33], "uv_size": [1, 1]},
								"west": {"uv": [27, 33], "uv_size": [2, 1]},
								"up": {"uv": [26, 31], "uv_size": [1, 2]},
								"down": {"uv": [27, 33], "uv_size": [1, -2]}
							}
						},
						{
							"origin": [-2.02678, 1.41967, -2.1],
							"size": [0.5, 0.5, 1.5],
							"uv": {
								"north": {"uv": [7, 28], "uv_size": [1, 1]},
								"east": {"uv": [5, 28], "uv_size": [2, 1]},
								"south": {"uv": [10, 28], "uv_size": [1, 1]},
								"west": {"uv": [8, 28], "uv_size": [2, 1]},
								"up": {"uv": [7, 26], "uv_size": [1, 2]},
								"down": {"uv": [8, 28], "uv_size": [1, -2]}
							}
						},
						{
							"origin": [-1.5205, 2.26694, -2.1],
							"size": [0.5, 0.5, 1.5],
							"pivot": [-2.29638, 2.45444, -0.85],
							"rotation": [0, 0, 45],
							"uv": {
								"north": {"uv": [28, 7], "uv_size": [1, 1]},
								"east": {"uv": [26, 7], "uv_size": [2, 1]},
								"south": {"uv": [31, 7], "uv_size": [1, 1]},
								"west": {"uv": [29, 7], "uv_size": [2, 1]},
								"up": {"uv": [28, 5], "uv_size": [1, 2]},
								"down": {"uv": [29, 7], "uv_size": [1, -2]}
							}
						},
						{
							"origin": [-1.67322, 1.77322, -2.1],
							"size": [0.5, 0.5, 1.5],
							"uv": {
								"north": {"uv": [33, 6], "uv_size": [1, 1]},
								"east": {"uv": [31, 6], "uv_size": [2, 1]},
								"south": {"uv": [36, 6], "uv_size": [1, 1]},
								"west": {"uv": [34, 6], "uv_size": [2, 1]},
								"up": {"uv": [33, 4], "uv_size": [1, 2]},
								"down": {"uv": [34, 6], "uv_size": [1, -2]}
							}
						},
						{
							"origin": [-2.04822, 1.77322, -2.1],
							"size": [0.5, 0.5, 1.5],
							"uv": {
								"north": {"uv": [25, 24], "uv_size": [1, 1]},
								"east": {"uv": [23, 24], "uv_size": [2, 1]},
								"south": {"uv": [28, 24], "uv_size": [1, 1]},
								"west": {"uv": [26, 24], "uv_size": [2, 1]},
								"up": {"uv": [25, 22], "uv_size": [1, 2]},
								"down": {"uv": [26, 24], "uv_size": [1, -2]}
							}
						},
						{
							"origin": [-1.81339, 1.98661, -2.1],
							"size": [0.5, 0.5, 1.5],
							"pivot": [-1.50089, 2.21072, -0.85],
							"rotation": [0, 0, 45],
							"uv": {
								"north": {"uv": [33, 17], "uv_size": [1, 1]},
								"east": {"uv": [31, 17], "uv_size": [2, 1]},
								"south": {"uv": [36, 17], "uv_size": [1, 1]},
								"west": {"uv": [34, 17], "uv_size": [2, 1]},
								"up": {"uv": [33, 15], "uv_size": [1, 2]},
								"down": {"uv": [34, 17], "uv_size": [1, -2]}
							}
						}
					]
				},
				{
					"name": "group8",
					"parent": "group4",
					"pivot": [3, 7.5, -0.5],
					"cubes": [
						{
							"origin": [-3.22678, 3.62678, -1.4],
							"size": [0.5, 0.5, 0.5],
							"uv": {
								"north": {"uv": [43, 13], "uv_size": [1, 1]},
								"east": {"uv": [42, 13], "uv_size": [1, 1]},
								"south": {"uv": [45, 13], "uv_size": [1, 1]},
								"west": {"uv": [44, 13], "uv_size": [1, 1]},
								"up": {"uv": [43, 12], "uv_size": [1, 1]},
								"down": {"uv": [44, 13], "uv_size": [1, -1]}
							}
						},
						{
							"origin": [-2.76967, 3.86789, -1.4],
							"size": [0.5, 0.5, 0.5],
							"pivot": [-2.45717, 3.092, -1.15],
							"rotation": [0, 0, -45],
							"uv": {
								"north": {"uv": [12, 43], "uv_size": [1, 1]},
								"east": {"uv": [11, 43], "uv_size": [1, 1]},
								"south": {"uv": [14, 43], "uv_size": [1, 1]},
								"west": {"uv": [13, 43], "uv_size": [1, 1]},
								"up": {"uv": [12, 42], "uv_size": [1, 1]},
								"down": {"uv": [13, 43], "uv_size": [1, -1]}
							}
						},
						{
							"origin": [-3.58033, 3.27322, -1.4],
							"size": [0.5, 0.5, 0.5],
							"uv": {
								"north": {"uv": [8, 43], "uv_size": [1, 1]},
								"east": {"uv": [7, 43], "uv_size": [1, 1]},
								"south": {"uv": [10, 43], "uv_size": [1, 1]},
								"west": {"uv": [9, 43], "uv_size": [1, 1]},
								"up": {"uv": [8, 42], "uv_size": [1, 1]},
								"down": {"uv": [9, 43], "uv_size": [1, -1]}
							}
						},
						{
							"origin": [-3.82145, 3.73033, -1.4],
							"size": [0.5, 0.5, 0.5],
							"pivot": [-2.54556, 4.04283, -1.15],
							"rotation": [0, 0, -45],
							"uv": {
								"north": {"uv": [4, 43], "uv_size": [1, 1]},
								"east": {"uv": [3, 43], "uv_size": [1, 1]},
								"south": {"uv": [6, 43], "uv_size": [1, 1]},
								"west": {"uv": [5, 43], "uv_size": [1, 1]},
								"up": {"uv": [4, 42], "uv_size": [1, 1]},
								"down": {"uv": [5, 43], "uv_size": [1, -1]}
							}
						},
						{
							"origin": [-3.22678, 2.91967, -1.4],
							"size": [0.5, 0.5, 0.5],
							"uv": {
								"north": {"uv": [41, 42], "uv_size": [1, 1]},
								"east": {"uv": [40, 42], "uv_size": [1, 1]},
								"south": {"uv": [43, 42], "uv_size": [1, 1]},
								"west": {"uv": [42, 42], "uv_size": [1, 1]},
								"up": {"uv": [41, 41], "uv_size": [1, 1]},
								"down": {"uv": [42, 42], "uv_size": [1, -1]}
							}
						},
						{
							"origin": [-2.7205, 3.76694, -1.4],
							"size": [0.5, 0.5, 0.5],
							"pivot": [-3.49638, 3.95444, -1.15],
							"rotation": [0, 0, 45],
							"uv": {
								"north": {"uv": [42, 37], "uv_size": [1, 1]},
								"east": {"uv": [41, 37], "uv_size": [1, 1]},
								"south": {"uv": [44, 37], "uv_size": [1, 1]},
								"west": {"uv": [43, 37], "uv_size": [1, 1]},
								"up": {"uv": [42, 36], "uv_size": [1, 1]},
								"down": {"uv": [43, 37], "uv_size": [1, -1]}
							}
						},
						{
							"origin": [-2.87322, 3.27322, -1.4],
							"size": [0.5, 0.5, 0.5],
							"uv": {
								"north": {"uv": [41, 32], "uv_size": [1, 1]},
								"east": {"uv": [40, 32], "uv_size": [1, 1]},
								"south": {"uv": [43, 32], "uv_size": [1, 1]},
								"west": {"uv": [42, 32], "uv_size": [1, 1]},
								"up": {"uv": [41, 31], "uv_size": [1, 1]},
								"down": {"uv": [42, 32], "uv_size": [1, -1]}
							}
						},
						{
							"origin": [-3.24822, 3.27322, -1.4],
							"size": [0.5, 0.5, 0.5],
							"uv": {
								"north": {"uv": [13, 37], "uv_size": [1, 1]},
								"east": {"uv": [12, 37], "uv_size": [1, 1]},
								"south": {"uv": [15, 37], "uv_size": [1, 1]},
								"west": {"uv": [14, 37], "uv_size": [1, 1]},
								"up": {"uv": [13, 36], "uv_size": [1, 1]},
								"down": {"uv": [14, 37], "uv_size": [1, -1]}
							}
						},
						{
							"origin": [-3.01339, 3.48661, -1.4],
							"size": [0.5, 0.5, 0.5],
							"pivot": [-2.70089, 3.71072, -1.15],
							"rotation": [0, 0, 45],
							"uv": {
								"north": {"uv": [24, 6], "uv_size": [1, 1]},
								"east": {"uv": [23, 6], "uv_size": [1, 1]},
								"south": {"uv": [26, 6], "uv_size": [1, 1]},
								"west": {"uv": [25, 6], "uv_size": [1, 1]},
								"up": {"uv": [24, 5], "uv_size": [1, 1]},
								"down": {"uv": [25, 6], "uv_size": [1, -1]}
							}
						}
					]
				},
				{
					"name": "group9",
					"parent": "group2",
					"pivot": [-4, 0.5, -4.29289],
					"cubes": [
						{
							"origin": [-5, 1, -1],
							"size": [10, 5, 1],
							"uv": {
								"north": {"uv": [1, 15], "uv_size": [10, 5]},
								"east": {"uv": [0, 15], "uv_size": [1, 5]},
								"south": {"uv": [12, 15], "uv_size": [10, 5]},
								"west": {"uv": [11, 15], "uv_size": [1, 5]},
								"up": {"uv": [1, 14], "uv_size": [10, 1]},
								"down": {"uv": [11, 15], "uv_size": [10, -1]}
							}
						},
						{
							"origin": [4.70711, 1, -0.29289],
							"size": [1, 5, 3],
							"uv": {
								"north": {"uv": [3, 29], "uv_size": [1, 5]},
								"east": {"uv": [0, 29], "uv_size": [3, 5]},
								"south": {"uv": [7, 29], "uv_size": [1, 5]},
								"west": {"uv": [4, 29], "uv_size": [3, 5]},
								"up": {"uv": [3, 26], "uv_size": [1, 3]},
								"down": {"uv": [4, 29], "uv_size": [1, -3]}
							}
						},
						{
							"origin": [4.5, 1, -0.79289],
							"size": [1, 5, 1],
							"pivot": [5, 1.5, -0.29289],
							"rotation": [0, 45, 0],
							"uv": {
								"north": {"uv": [21, 31], "uv_size": [1, 5]},
								"east": {"uv": [20, 31], "uv_size": [1, 5]},
								"south": {"uv": [23, 31], "uv_size": [1, 5]},
								"west": {"uv": [22, 31], "uv_size": [1, 5]},
								"up": {"uv": [21, 30], "uv_size": [1, 1]},
								"down": {"uv": [22, 31], "uv_size": [1, -1]}
							}
						},
						{
							"origin": [4.5, 1, 2.20711],
							"size": [1, 5, 1],
							"pivot": [5, 1.5, 2.70711],
							"rotation": [0, 45, 0],
							"uv": {
								"north": {"uv": [17, 31], "uv_size": [1, 5]},
								"east": {"uv": [16, 31], "uv_size": [1, 5]},
								"south": {"uv": [19, 31], "uv_size": [1, 5]},
								"west": {"uv": [18, 31], "uv_size": [1, 5]},
								"up": {"uv": [17, 30], "uv_size": [1, 1]},
								"down": {"uv": [18, 31], "uv_size": [1, -1]}
							}
						},
						{
							"origin": [-5, 1, 2.41421],
							"size": [10, 5, 1],
							"uv": {
								"north": {"uv": [1, 9], "uv_size": [10, 5]},
								"east": {"uv": [0, 9], "uv_size": [1, 5]},
								"south": {"uv": [12, 9], "uv_size": [10, 5]},
								"west": {"uv": [11, 9], "uv_size": [1, 5]},
								"up": {"uv": [1, 8], "uv_size": [10, 1]},
								"down": {"uv": [11, 9], "uv_size": [10, -1]}
							}
						},
						{
							"origin": [-5.70711, 1, -0.29289],
							"size": [1, 5, 3],
							"uv": {
								"north": {"uv": [21, 25], "uv_size": [1, 5]},
								"east": {"uv": [18, 25], "uv_size": [3, 5]},
								"south": {"uv": [25, 25], "uv_size": [1, 5]},
								"west": {"uv": [22, 25], "uv_size": [3, 5]},
								"up": {"uv": [21, 22], "uv_size": [1, 3]},
								"down": {"uv": [22, 25], "uv_size": [1, -3]}
							}
						},
						{
							"origin": [-5.5, 1, -0.79289],
							"size": [1, 5, 1],
							"pivot": [-5, 1.5, -0.29289],
							"rotation": [0, -45, 0],
							"uv": {
								"north": {"uv": [13, 31], "uv_size": [1, 5]},
								"east": {"uv": [12, 31], "uv_size": [1, 5]},
								"south": {"uv": [15, 31], "uv_size": [1, 5]},
								"west": {"uv": [14, 31], "uv_size": [1, 5]},
								"up": {"uv": [13, 30], "uv_size": [1, 1]},
								"down": {"uv": [14, 31], "uv_size": [1, -1]}
							}
						},
						{
							"origin": [-5.5, 1, 2.20711],
							"size": [1, 5, 1],
							"pivot": [-5, 1.5, 2.70711],
							"rotation": [0, -45, 0],
							"uv": {
								"north": {"uv": [9, 31], "uv_size": [1, 5]},
								"east": {"uv": [8, 31], "uv_size": [1, 5]},
								"south": {"uv": [11, 31], "uv_size": [1, 5]},
								"west": {"uv": [10, 31], "uv_size": [1, 5]},
								"up": {"uv": [9, 30], "uv_size": [1, 1]},
								"down": {"uv": [10, 31], "uv_size": [1, -1]}
							}
						}
					]
				},
				{
					"name": "group",
					"pivot": [6.12792, -6.47049, -10],
					"cubes": [
						{
							"origin": [-3.49448, -3.59463, -2.55],
							"size": [0.8, 0.8, 1.8],
							"pivot": [6.21522, -6.73983, -10.65],
							"rotation": [0, 0, 45],
							"uv": {
								"north": {"uv": [37, 18], "uv_size": [1, 1]},
								"east": {"uv": [35, 18], "uv_size": [2, 1]},
								"south": {"uv": [40, 18], "uv_size": [1, 1]},
								"west": {"uv": [38, 18], "uv_size": [2, 1]},
								"up": {"uv": [37, 16], "uv_size": [1, 2]},
								"down": {"uv": [38, 18], "uv_size": [1, -2]}
							}
						},
						{
							"origin": [4.88795, 2.75193, -2.55],
							"size": [0.8, 0.8, 1.8],
							"pivot": [6.34588, -6.65253, -10.65],
							"rotation": [0, 0, -22.5],
							"uv": {
								"north": {"uv": [37, 7], "uv_size": [1, 1]},
								"east": {"uv": [35, 7], "uv_size": [2, 1]},
								"south": {"uv": [40, 7], "uv_size": [1, 1]},
								"west": {"uv": [38, 7], "uv_size": [2, 1]},
								"up": {"uv": [37, 5], "uv_size": [1, 2]},
								"down": {"uv": [38, 7], "uv_size": [1, -2]}
							}
						},
						{
							"origin": [2.21094, 3.08906, -2.55],
							"size": [0.8, 0.8, 1.8],
							"uv": {
								"north": {"uv": [6, 37], "uv_size": [1, 1]},
								"east": {"uv": [4, 37], "uv_size": [2, 1]},
								"south": {"uv": [9, 37], "uv_size": [1, 1]},
								"west": {"uv": [7, 37], "uv_size": [2, 1]},
								"up": {"uv": [6, 35], "uv_size": [1, 2]},
								"down": {"uv": [7, 37], "uv_size": [1, -2]}
							}
						},
						{
							"origin": [6.68366, 4.2394, -2.55],
							"size": [0.8, 0.8, 1.8],
							"pivot": [6.12792, -7.17873, -10.65],
							"rotation": [0, 0, -22.5],
							"uv": {
								"north": {"uv": [37, 2], "uv_size": [1, 1]},
								"east": {"uv": [35, 2], "uv_size": [2, 1]},
								"south": {"uv": [40, 2], "uv_size": [1, 1]},
								"west": {"uv": [38, 2], "uv_size": [2, 1]},
								"up": {"uv": [37, 0], "uv_size": [1, 2]},
								"down": {"uv": [38, 2], "uv_size": [1, -2]}
							}
						},
						{
							"origin": [-5.50815, -2.15051, -2.55],
							"size": [0.8, 0.8, 1.8],
							"pivot": [6.21522, -7.30938, -10.65],
							"rotation": [0, 0, 45],
							"uv": {
								"north": {"uv": [24, 36], "uv_size": [1, 1]},
								"east": {"uv": [22, 36], "uv_size": [2, 1]},
								"south": {"uv": [27, 36], "uv_size": [1, 1]},
								"west": {"uv": [25, 36], "uv_size": [2, 1]},
								"up": {"uv": [24, 34], "uv_size": [1, 2]},
								"down": {"uv": [25, 36], "uv_size": [1, -2]}
							}
						},
						{
							"origin": [-3.15886, 1.82559, -2.55],
							"size": [0.8, 0.8, 1.8],
							"pivot": [6.34588, -7.39668, -10.65],
							"rotation": [0, 0, 22.5],
							"uv": {
								"north": {"uv": [2, 36], "uv_size": [1, 1]},
								"east": {"uv": [0, 36], "uv_size": [2, 1]},
								"south": {"uv": [5, 36], "uv_size": [1, 1]},
								"west": {"uv": [3, 36], "uv_size": [2, 1]},
								"up": {"uv": [2, 34], "uv_size": [1, 2]},
								"down": {"uv": [3, 36], "uv_size": [1, -2]}
							}
						},
						{
							"origin": [0.6, 1.47813, -2.55],
							"size": [0.8, 0.8, 1.8],
							"uv": {
								"north": {"uv": [34, 35], "uv_size": [1, 1]},
								"east": {"uv": [32, 35], "uv_size": [2, 1]},
								"south": {"uv": [37, 35], "uv_size": [1, 1]},
								"west": {"uv": [35, 35], "uv_size": [2, 1]},
								"up": {"uv": [34, 33], "uv_size": [1, 2]},
								"down": {"uv": [35, 35], "uv_size": [1, -2]}
							}
						},
						{
							"origin": [-1.11771, 2.62587, -2.55],
							"size": [0.8, 0.8, 1.8],
							"pivot": [-0.21771, 3.52587, -2.65],
							"rotation": [0, 0, -22.5],
							"uv": {
								"north": {"uv": [32, 38], "uv_size": [1, 1]},
								"east": {"uv": [30, 38], "uv_size": [2, 1]},
								"south": {"uv": [35, 38], "uv_size": [1, 1]},
								"west": {"uv": [33, 38], "uv_size": [2, 1]},
								"up": {"uv": [32, 36], "uv_size": [1, 2]},
								"down": {"uv": [33, 38], "uv_size": [1, -2]}
							}
						},
						{
							"origin": [-0.5803, 2.28405, -2.55],
							"size": [0.8, 0.8, 1.8],
							"pivot": [0.24358, 2.56673, -2.65],
							"rotation": [0, 0, -45],
							"uv": {
								"north": {"uv": [38, 25], "uv_size": [1, 1]},
								"east": {"uv": [36, 25], "uv_size": [2, 1]},
								"south": {"uv": [41, 25], "uv_size": [1, 1]},
								"west": {"uv": [39, 25], "uv_size": [2, 1]},
								"up": {"uv": [38, 23], "uv_size": [1, 2]},
								"down": {"uv": [39, 25], "uv_size": [1, -2]}
							}
						},
						{
							"origin": [0.21292, 1.75404, -2.55],
							"size": [0.8, 0.8, 1.8],
							"pivot": [0.11292, 2.65404, -2.65],
							"rotation": [0, 0, 22.5],
							"uv": {
								"north": {"uv": [16, 38], "uv_size": [1, 1]},
								"east": {"uv": [14, 38], "uv_size": [2, 1]},
								"south": {"uv": [19, 38], "uv_size": [1, 1]},
								"west": {"uv": [17, 38], "uv_size": [2, 1]},
								"up": {"uv": [16, 36], "uv_size": [1, 2]},
								"down": {"uv": [17, 38], "uv_size": [1, -2]}
							}
						},
						{
							"origin": [-1.01094, 3.08906, -2.55],
							"size": [0.8, 0.8, 1.8],
							"uv": {
								"north": {"uv": [10, 38], "uv_size": [1, 1]},
								"east": {"uv": [8, 38], "uv_size": [2, 1]},
								"south": {"uv": [13, 38], "uv_size": [1, 1]},
								"west": {"uv": [11, 38], "uv_size": [2, 1]},
								"up": {"uv": [10, 36], "uv_size": [1, 2]},
								"down": {"uv": [11, 38], "uv_size": [1, -2]}
							}
						},
						{
							"origin": [-0.73503, 3.47614, -2.55],
							"size": [0.8, 0.8, 1.8],
							"pivot": [0.16497, 4.37614, -2.65],
							"rotation": [0, 0, 22.5],
							"uv": {
								"north": {"uv": [38, 36], "uv_size": [1, 1]},
								"east": {"uv": [36, 36], "uv_size": [2, 1]},
								"south": {"uv": [41, 36], "uv_size": [1, 1]},
								"west": {"uv": [39, 36], "uv_size": [2, 1]},
								"up": {"uv": [38, 34], "uv_size": [1, 2]},
								"down": {"uv": [39, 36], "uv_size": [1, -2]}
							}
						},
						{
							"origin": [-0.20501, 4.26936, -2.55],
							"size": [0.8, 0.8, 1.8],
							"pivot": [0.07767, 4.24548, -2.65],
							"rotation": [0, 0, -45],
							"uv": {
								"north": {"uv": [38, 33], "uv_size": [1, 1]},
								"east": {"uv": [36, 33], "uv_size": [2, 1]},
								"south": {"uv": [41, 33], "uv_size": [1, 1]},
								"west": {"uv": [39, 33], "uv_size": [2, 1]},
								"up": {"uv": [38, 31], "uv_size": [1, 2]},
								"down": {"uv": [39, 33], "uv_size": [1, -2]}
							}
						},
						{
							"origin": [0.1368, 4.80678, -2.55],
							"size": [0.8, 0.8, 1.8],
							"pivot": [1.0368, 4.70678, -2.65],
							"rotation": [0, 0, -22.5],
							"uv": {
								"north": {"uv": [2, 39], "uv_size": [1, 1]},
								"east": {"uv": [0, 39], "uv_size": [2, 1]},
								"south": {"uv": [5, 39], "uv_size": [1, 1]},
								"west": {"uv": [3, 39], "uv_size": [2, 1]},
								"up": {"uv": [2, 37], "uv_size": [1, 2]},
								"down": {"uv": [3, 39], "uv_size": [1, -2]}
							}
						},
						{
							"origin": [0.6, 4.7, -2.55],
							"size": [0.8, 0.8, 1.8],
							"uv": {
								"north": {"uv": [20, 39], "uv_size": [1, 1]},
								"east": {"uv": [18, 39], "uv_size": [2, 1]},
								"south": {"uv": [23, 39], "uv_size": [1, 1]},
								"west": {"uv": [21, 39], "uv_size": [2, 1]},
								"up": {"uv": [20, 37], "uv_size": [1, 2]},
								"down": {"uv": [21, 39], "uv_size": [1, -2]}
							}
						},
						{
							"origin": [-1.36315, 0.33812, -2.55],
							"size": [0.8, 0.8, 1.8],
							"pivot": [6.12792, -6.87049, -10.65],
							"rotation": [0, 0, 22.5],
							"uv": {
								"north": {"uv": [28, 37], "uv_size": [1, 1]},
								"east": {"uv": [26, 37], "uv_size": [2, 1]},
								"south": {"uv": [31, 37], "uv_size": [1, 1]},
								"west": {"uv": [29, 37], "uv_size": [2, 1]},
								"up": {"uv": [28, 35], "uv_size": [1, 2]},
								"down": {"uv": [29, 37], "uv_size": [1, -2]}
							}
						},
						{
							"origin": [-0.25, 2.25, -2.5],
							"size": [2.5, 2.5, 1],
							"uv": {
								"north": {"uv": [34, 29], "uv_size": [2, 2]},
								"east": {"uv": [33, 29], "uv_size": [1, 2]},
								"south": {"uv": [37, 29], "uv_size": [2, 2]},
								"west": {"uv": [36, 29], "uv_size": [1, 2]},
								"up": {"uv": [34, 28], "uv_size": [2, 1]},
								"down": {"uv": [36, 29], "uv_size": [2, -1]}
							}
						}
					]
				}
			]
		}
	]
}