{
  "format_version": "1.16.0",
  "minecraft:entity": {
    "description": {
      "identifier": "touhou_little_maid:fairy_unused",
      "is_spawnable": true,
      "is_summonable": true,
      "is_experimental": false
    },
    "component_groups": {
      "mode_switcher": {
        "minecraft:target_nearby_sensor": {
          "inside_range": 16,
          "outside_range": 17,
          "must_see":  true,
          "on_inside_range": {
            "event": "switch_to_ranged",
            "target": "self"
          },
          "on_outside_range": {
            "event": "switch_to_normal",
            "target": "self"
          }
        }
      },
      "ranged_mode": {
        "minecraft:behavior.ranged_attack": {
          "priority": 1,
          "attack_radius": 64,
          "charge_shoot_trigger": 2,
          "charge_charged_trigger": 1
        },
        "minecraft:timer":{
          "time": [1.5, 3],
          "looping": true,
          "time_down_event": {
            "event": "thlm:dfs",
            "target": "self"
          }
        }
      }
    },
    "components": {
      "minecraft:balloonable": {
        "mass": 0.5
      },
      
      "minecraft:movement": {
        "value": 0.2
      },
      "minecraft:flying_speed": {
        "value": 0.1
      },
      "minecraft:navigation.hover": {
        "can_path_over_water": true,
        "can_sink": false,
        "can_pass_doors": false,
        "can_path_from_air": true,
        "avoid_water": true,
        "avoid_damage_blocks": true,
        "avoid_sun": false
      },
      "minecraft:movement.hover": {},

      "minecraft:follow_range": {
        "value": 32
      },
      "minecraft:jump.static": {
      },
      "minecraft:can_fly": {
      },
      "minecraft:physics": {
      },
      "minecraft:damage_sensor": {
        "triggers": {
          "cause": "fall",
          "deals_damage": false
        }
      },
      "minecraft:behavior.move_towards_target": {
        "within_radius": 32
      },
      "minecraft:behavior.look_at_player": {
        "priority": 7,
        "look_distance": 16
      },
      "minecraft:is_hidden_when_invisible": {
      },
      "minecraft:loot": {
        "table": "loot_tables/empty.json"
      },
      "minecraft:collision_box": {
        "width": 0.5,
        "height": 1.5
      },
      "minecraft:can_climb": {
      },
      "minecraft:health": {
        "value": 20,
        "max": 20
      },
      
      "minecraft:nameable": {
      },
      "minecraft:despawn": {
        "despawn_from_distance": {}
      },
      "minecraft:behavior.hurt_by_target": {
        "priority": 1
      },
      "minecraft:behavior.nearest_attackable_target": {
        "priority": 2,
        "must_see": true,
        "must_see_forget_duration": 1,
        "entity_types": [
          {
            "filters": {
              "test": "is_family",
              "subject": "other",
              "value": "player"
            },
            "max_dist": 20
          }
        ]
      },
      "minecraft:type_family": {
        "family": [ "fairy", "monster", "mob" ]
      },
      "minecraft:pushable": {
        "is_pushable": true,
        "is_pushable_by_piston": true
      },
      "minecraft:on_hurt": {
        "event": "minecraft:on_hurt_event",
        "target": "self"
      },
      "minecraft:on_hurt_by_player": {
        "event": "minecraft:on_hurt_event",
        "target": "self"
      },
      "minecraft:conditional_bandwidth_optimization": {
      },
      "minecraft:on_death": {
        "event": "thlm:pfd",
        "target": "self"
      }
    },
    "events": {
      "minecraft:entity_spawned": {
        "add": {
          "component_groups": [
            "mode_switcher"
          ]
        }
      },
      "switch_to_normal": {
        "remove": {
          "component_groups": [
            "ranged_mode"
          ]
        }
      },
      "switch_to_ranged": {
        "add": {
          "component_groups": [
            "ranged_mode"
          ]
        }
      },
      "minecraft:on_hurt_event": {
        "add": {
          "component_groups": [
            "mode_switcher"
          ]
        }
      },
      
      "thlm:dfs":{},
      "thlm:pfd":{}
    }
  }
}