{
	"format_version": "1.12.0",
	"minecraft:geometry": [
		{
			"description": {
				"identifier": "geometry.danmaku_basic_pellet",
				"texture_width": 416,
				"texture_height": 128,
				"visible_bounds_width": 5,
				"visible_bounds_height": 5,
				"visible_bounds_offset": [0, 0.5, 0]
			},
			"bones": [
				{
					"name": "danmaku",
					"pivot": [0, 0, 0],
					"cubes": [
						{
							"origin": [-5, -5, 0],
							"size": [10, 10, 0],
							"uv": {
								"south": {
									"uv": [11, 11],
									"uv_size": [10, 10]
								}
							}
						}
					]
				}
			]
		},
		{
			"description": {
				"identifier": "geometry.danmaku_basic_ball",
				"texture_width": 416,
				"texture_height": 128,
				"visible_bounds_width": 5,
				"visible_bounds_height": 5,
				"visible_bounds_offset": [0, 0.5, 0]
			},
			"bones": [
				{
					"name": "danmaku",
					"pivot": [0, 0, 0],
					"cubes": [
						{
							"origin": [-9, -9, 0],
							"size": [18, 18, 0],
							"uv": {
								"south": {
									"uv": [7, 39],
									"uv_size": [18, 18]
								}
							}
						}
					]
				}
			]
		},
		{
			"description": {
				"identifier": "geometry.danmaku_basic_orbs",
				"texture_width": 416,
				"texture_height": 128,
				"visible_bounds_width": 5,
				"visible_bounds_height": 5,
				"visible_bounds_offset": [0, 0.5, 0]
			},
			"bones": [
				{
					"name": "danmaku",
					"pivot": [0, 0, 0],
					"cubes": [
						{
							"origin": [-12, -12, 0],
							"size": [24, 24, 0],
							"uv": {
								"south": {
									"uv": [4, 68],
									"uv_size": [24, 24]
								}
							}
						}
					]
				}
			]
		},
		{
			"description": {
				"identifier": "geometry.danmaku_basic_big_ball",
				"texture_width": 416,
				"texture_height": 128,
				"visible_bounds_width": 5,
				"visible_bounds_height": 5,
				"visible_bounds_offset": [0, 0.5, 0]
			},
			"bones": [
				{
					"name": "danmaku",
					"pivot": [0, 0, 0],
					"cubes": [
						{
							"origin": [-13, -13, 0],
							"size": [26, 26, 0],
							"uv": {
								"south": {"uv": [3, 99], "uv_size": [26, 26]}
							}
						}
					]
				}
			]
		}
	]
}