{
	"format_version": "1.12.0",
	"minecraft:geometry": [
		{
			"description": {
				"identifier": "geometry.extinguisher_in_hand",
				"texture_width": 64,
				"texture_height": 64,
				"visible_bounds_width": 2,
				"visible_bounds_height": 2.5,
				"visible_bounds_offset": [0, 0.75, 0]
			},
			"bones": [
				{
					"name": "bone",
					"pivot": [8, 0, -8],
					"cubes": [
						{
							"origin": [-2, 0, -2],
							"size": [4, 10, 4],
							"uv": {
								"north": {"uv": [4, 4], "uv_size": [4, 10]},
								"east": {"uv": [0, 4], "uv_size": [4, 10]},
								"south": {"uv": [12, 4], "uv_size": [4, 10]},
								"west": {"uv": [8, 4], "uv_size": [4, 10]},
								"up": {"uv": [4, 0], "uv_size": [4, 4]},
								"down": {"uv": [8, 4], "uv_size": [4, -4]}
							}
						},
						{
							"origin": [-2.1, 0.9, -2.1],
							"size": [4.2, 1.2, 4.2],
							"uv": {
								"north": {"uv": [20, 4], "uv_size": [4, 1]},
								"east": {"uv": [16, 4], "uv_size": [4, 1]},
								"south": {"uv": [28, 4], "uv_size": [4, 1]},
								"west": {"uv": [24, 4], "uv_size": [4, 1]},
								"up": {"uv": [20, 0], "uv_size": [4, 4]},
								"down": {"uv": [24, 4], "uv_size": [4, -4]}
							}
						},
						{
							"origin": [-1.5, 9, -1.5],
							"size": [3, 2, 3],
							"uv": {
								"north": {"uv": [35, 3], "uv_size": [3, 2]},
								"east": {"uv": [32, 3], "uv_size": [3, 2]},
								"south": {"uv": [41, 3], "uv_size": [3, 2]},
								"west": {"uv": [38, 3], "uv_size": [3, 2]},
								"up": {"uv": [35, 0], "uv_size": [3, 3]},
								"down": {"uv": [38, 3], "uv_size": [3, -3]}
							}
						},
						{
							"origin": [-1, 11, -1],
							"size": [2, 2, 2],
							"uv": {
								"north": {"uv": [46, 2], "uv_size": [2, 2]},
								"east": {"uv": [44, 2], "uv_size": [2, 2]},
								"south": {"uv": [50, 2], "uv_size": [2, 2]},
								"west": {"uv": [48, 2], "uv_size": [2, 2]},
								"up": {"uv": [46, 0], "uv_size": [2, 2]},
								"down": {"uv": [48, 2], "uv_size": [2, -2]}
							}
						},
						{
							"origin": [1.6, 11.2, -0.8],
							"size": [0.6, 1.6, 1.6],
							"pivot": [1.9, 12, 0],
							"rotation": [-45, 0, 0],
							"uv": {
								"north": {"uv": [54, 2], "uv_size": [1, 2]},
								"east": {"uv": [52, 2], "uv_size": [2, 2]},
								"south": {"uv": [57, 2], "uv_size": [1, 2]},
								"west": {"uv": [55, 2], "uv_size": [2, 2]},
								"up": {"uv": [54, 0], "uv_size": [1, 2]},
								"down": {"uv": [55, 2], "uv_size": [1, -2]}
							}
						},
						{
							"origin": [0.8, 11.5, -0.5],
							"size": [1, 1, 1],
							"uv": {
								"north": {"uv": [17, 6], "uv_size": [1, 1]},
								"east": {"uv": [16, 6], "uv_size": [1, 1]},
								"south": {"uv": [19, 6], "uv_size": [1, 1]},
								"west": {"uv": [18, 6], "uv_size": [1, 1]},
								"up": {"uv": [17, 5], "uv_size": [1, 1]},
								"down": {"uv": [18, 6], "uv_size": [1, -1]}
							}
						},
						{
							"origin": [-0.7, 11.3, -3.2],
							"size": [1.4, 1.4, 1.4],
							"uv": {
								"north": {"uv": [22, 7], "uv_size": [2, 2]},
								"east": {"uv": [20, 7], "uv_size": [2, 2]},
								"south": {"uv": [26, 7], "uv_size": [2, 2]},
								"west": {"uv": [24, 7], "uv_size": [2, 2]},
								"up": {"uv": [22, 5], "uv_size": [2, 2]},
								"down": {"uv": [24, 7], "uv_size": [2, -2]}
							}
						},
						{
							"origin": [-0.6, 11.4, -2.1],
							"size": [1.2, 1.2, 1.2],
							"uv": {
								"north": {"uv": [22, 12], "uv_size": [2, 2]},
								"east": {"uv": [20, 12], "uv_size": [2, 2]},
								"south": {"uv": [26, 12], "uv_size": [2, 2]},
								"west": {"uv": [24, 12], "uv_size": [2, 2]},
								"up": {"uv": [22, 10], "uv_size": [2, 2]},
								"down": {"uv": [24, 12], "uv_size": [2, -2]}
							}
						},
						{
							"origin": [-0.9, 12.1, -0.8],
							"size": [1.8, 0.8, 5.8],
							"pivot": [0, 12.5, -0.4],
							"rotation": [22.5, 0, 0],
							"uv": {
								"north": {"uv": [36, 12], "uv_size": [2, 1]},
								"east": {"uv": [30, 12], "uv_size": [6, 1]},
								"south": {"uv": [44, 12], "uv_size": [2, 1]},
								"west": {"uv": [38, 12], "uv_size": [6, 1]},
								"up": {"uv": [36, 6], "uv_size": [2, 6]},
								"down": {"uv": [38, 12], "uv_size": [2, -6]}
							}
						},
						{
							"origin": [-0.85, 12.15, -0.85],
							"size": [1.7, 0.7, 5.7],
							"uv": {
								"north": {"uv": [6, 21], "uv_size": [2, 1]},
								"east": {"uv": [0, 21], "uv_size": [6, 1]},
								"south": {"uv": [14, 21], "uv_size": [2, 1]},
								"west": {"uv": [8, 21], "uv_size": [6, 1]},
								"up": {"uv": [6, 15], "uv_size": [2, 6]},
								"down": {"uv": [8, 21], "uv_size": [2, -6]}
							}
						}
					]
				}
			]
		}
	]
}