{
	"format_version": "1.12.0",
	"minecraft:geometry": [
		{
			"description": {
				"identifier": "geometry.maid_beacon_in_hand",
				"texture_width": 16,
				"texture_height": 16,
				"visible_bounds_width": 3,
				"visible_bounds_height": 3.5,
				"visible_bounds_offset": [0, 1.25, 0]
			},
			"bones": [
				{
					"name": "down",
					"pivot": [0, 8, 0],
					"cubes": [
						{
							"origin": [-1.5, 0, -1.5],
							"size": [3, 5, 3],
							"uv": {
								"north": {"uv": [0, 15], "uv_size": [1, 1]},
								"east": {"uv": [0, 15], "uv_size": [1, 1]},
								"south": {"uv": [0, 15], "uv_size": [1, 1]},
								"west": {"uv": [0, 15], "uv_size": [1, 1]},
								"up": {"uv": [1, 16], "uv_size": [-1, -1]},
								"down": {"uv": [1, 16], "uv_size": [-1, -1]}
							}
						},
						{
							"origin": [-1, 1, -1],
							"size": [2, 16, 2],
							"uv": {
								"north": {"uv": [0, 8], "uv_size": [1, 1]},
								"east": {"uv": [0, 8], "uv_size": [1, 1]},
								"south": {"uv": [0, 8], "uv_size": [1, 1]},
								"west": {"uv": [0, 8], "uv_size": [1, 1]},
								"up": {"uv": [1, 9], "uv_size": [-1, -1]},
								"down": {"uv": [1, 9], "uv_size": [-1, -1]}
							}
						}
					]
				},
				{
					"name": "up",
					"pivot": [0, 1, 0],
					"cubes": [
						{
							"origin": [-4.5, 25.5, 2.5],
							"size": [5, 5, 1],
							"pivot": [0, 30, 3],
							"rotation": [0, 0, -45],
							"uv": {
								"north": {"uv": [0, 0], "uv_size": [1, 1]},
								"east": {"uv": [0, 0], "uv_size": [1, 1]},
								"south": {"uv": [0, 0], "uv_size": [1, 1]},
								"west": {"uv": [0, 0], "uv_size": [1, 1]},
								"up": {"uv": [1, 1], "uv_size": [-1, -1]},
								"down": {"uv": [1, 1], "uv_size": [-1, -1]}
							}
						},
						{
							"origin": [-4.5, 18, -4],
							"size": [9, 1, 1],
							"uv": {
								"north": {"uv": [0, 8], "uv_size": [1, 1]},
								"east": {"uv": [0, 0], "uv_size": [1, 1]},
								"south": {"uv": [0, 8], "uv_size": [1, 1]},
								"west": {"uv": [0, 0], "uv_size": [1, 1]},
								"up": {"uv": [1, 9], "uv_size": [-1, -1]},
								"down": {"uv": [1, 9], "uv_size": [-1, -1]}
							}
						},
						{
							"origin": [-4, 18, -4.5],
							"size": [1, 1, 9],
							"uv": {
								"north": {"uv": [0, 0], "uv_size": [1, 1]},
								"east": {"uv": [0, 8], "uv_size": [1, 1]},
								"south": {"uv": [0, 0], "uv_size": [1, 1]},
								"west": {"uv": [0, 8], "uv_size": [1, 1]},
								"up": {"uv": [1, 9], "uv_size": [-1, -1]},
								"down": {"uv": [1, 9], "uv_size": [-1, -1]}
							}
						},
						{
							"origin": [3, 18, -4.5],
							"size": [1, 1, 9],
							"uv": {
								"north": {"uv": [0, 0], "uv_size": [1, 1]},
								"east": {"uv": [0, 8], "uv_size": [1, 1]},
								"south": {"uv": [0, 0], "uv_size": [1, 1]},
								"west": {"uv": [0, 8], "uv_size": [1, 1]},
								"up": {"uv": [1, 9], "uv_size": [-1, -1]},
								"down": {"uv": [1, 9], "uv_size": [-1, -1]}
							}
						},
						{
							"origin": [-4, 17.25, -4],
							"size": [1, 10, 1],
							"uv": {
								"north": {"uv": [0, 8], "uv_size": [1, 1]},
								"east": {"uv": [0, 8], "uv_size": [1, 1]},
								"south": {"uv": [0, 8], "uv_size": [1, 1]},
								"west": {"uv": [0, 8], "uv_size": [1, 1]},
								"up": {"uv": [1, 9], "uv_size": [-1, -1]},
								"down": {"uv": [1, 9], "uv_size": [-1, -1]}
							}
						},
						{
							"origin": [-4, 17.25, 3],
							"size": [1, 10, 1],
							"uv": {
								"north": {"uv": [0, 8], "uv_size": [1, 1]},
								"east": {"uv": [0, 8], "uv_size": [1, 1]},
								"south": {"uv": [0, 8], "uv_size": [1, 1]},
								"west": {"uv": [0, 8], "uv_size": [1, 1]},
								"up": {"uv": [1, 9], "uv_size": [-1, -1]},
								"down": {"uv": [1, 9], "uv_size": [-1, -1]}
							}
						},
						{
							"origin": [3, 17.25, 3],
							"size": [1, 10, 1],
							"uv": {
								"north": {"uv": [0, 8], "uv_size": [1, 1]},
								"east": {"uv": [0, 8], "uv_size": [1, 1]},
								"south": {"uv": [0, 8], "uv_size": [1, 1]},
								"west": {"uv": [0, 8], "uv_size": [1, 1]},
								"up": {"uv": [1, 9], "uv_size": [-1, -1]},
								"down": {"uv": [1, 9], "uv_size": [-1, -1]}
							}
						},
						{
							"origin": [3, 17.25, -4],
							"size": [1, 10, 1],
							"uv": {
								"north": {"uv": [0, 8], "uv_size": [1, 1]},
								"east": {"uv": [0, 8], "uv_size": [1, 1]},
								"south": {"uv": [0, 8], "uv_size": [1, 1]},
								"west": {"uv": [0, 8], "uv_size": [1, 1]},
								"up": {"uv": [1, 9], "uv_size": [-1, -1]},
								"down": {"uv": [1, 9], "uv_size": [-1, -1]}
							}
						},
						{
							"origin": [-4.5, 25, -4.5],
							"size": [9, 0.5, 9],
							"uv": {
								"north": {"uv": [0, 8], "uv_size": [1, 1]},
								"east": {"uv": [0, 8], "uv_size": [1, 1]},
								"south": {"uv": [0, 8], "uv_size": [1, 1]},
								"west": {"uv": [0, 8], "uv_size": [1, 1]},
								"up": {"uv": [1, 9], "uv_size": [-1, -1]},
								"down": {"uv": [1, 9], "uv_size": [-1, -1]}
							}
						},
						{
							"origin": [-4, 26.5, -6.5],
							"size": [1, 1, 13],
							"uv": {
								"north": {"uv": [1, 0], "uv_size": [-1, 1]},
								"east": {"uv": [1, 8], "uv_size": [-1, 1]},
								"south": {"uv": [1, 0], "uv_size": [-1, 1]},
								"west": {"uv": [1, 8], "uv_size": [-1, 1]},
								"up": {"uv": [0, 9], "uv_size": [1, -1]},
								"down": {"uv": [0, 9], "uv_size": [1, -1]}
							}
						},
						{
							"origin": [-4.5, 26.5, -4],
							"size": [9, 1, 1],
							"uv": {
								"north": {"uv": [1, 8], "uv_size": [-1, 1]},
								"east": {"uv": [1, 0], "uv_size": [-1, 1]},
								"south": {"uv": [1, 8], "uv_size": [-1, 1]},
								"west": {"uv": [1, 0], "uv_size": [-1, 1]},
								"up": {"uv": [0, 9], "uv_size": [1, -1]},
								"down": {"uv": [0, 9], "uv_size": [1, -1]}
							}
						},
						{
							"origin": [3, 26.5, -6.5],
							"size": [1, 1, 13],
							"uv": {
								"north": {"uv": [1, 0], "uv_size": [-1, 1]},
								"east": {"uv": [1, 8], "uv_size": [-1, 1]},
								"south": {"uv": [1, 0], "uv_size": [-1, 1]},
								"west": {"uv": [1, 8], "uv_size": [-1, 1]},
								"up": {"uv": [0, 9], "uv_size": [1, -1]},
								"down": {"uv": [0, 9], "uv_size": [1, -1]}
							}
						},
						{
							"origin": [-4.5, 26.5, 3],
							"size": [9, 1, 1],
							"uv": {
								"north": {"uv": [1, 8], "uv_size": [-1, 1]},
								"east": {"uv": [1, 0], "uv_size": [-1, 1]},
								"south": {"uv": [1, 8], "uv_size": [-1, 1]},
								"west": {"uv": [1, 0], "uv_size": [-1, 1]},
								"up": {"uv": [0, 9], "uv_size": [1, -1]},
								"down": {"uv": [0, 9], "uv_size": [1, -1]}
							}
						},
						{
							"origin": [-3.5, 25.5, -3.5],
							"size": [7, 1, 7],
							"uv": {
								"north": {"uv": [1, 0], "uv_size": [-1, 1]},
								"east": {"uv": [1, 0], "uv_size": [-1, 1]},
								"south": {"uv": [1, 0], "uv_size": [-1, 1]},
								"west": {"uv": [1, 0], "uv_size": [-1, 1]},
								"up": {"uv": [0, 1], "uv_size": [1, -1]},
								"down": {"uv": [0, 1], "uv_size": [1, -1]}
							}
						},
						{
							"origin": [-3.5, 19, -3.5],
							"size": [7, 6, 7],
							"uv": {
								"north": {"uv": [1, 0], "uv_size": [-1, 1]},
								"east": {"uv": [1, 0], "uv_size": [-1, 1]},
								"south": {"uv": [1, 0], "uv_size": [-1, 1]},
								"west": {"uv": [1, 0], "uv_size": [-1, 1]},
								"up": {"uv": [0, 1], "uv_size": [1, -1]},
								"down": {"uv": [0, 1], "uv_size": [1, -1]}
							}
						},
						{
							"origin": [-7.5, 16.75, -0.5],
							"size": [15, 1, 1],
							"pivot": [0, 18.25, 0],
							"rotation": [0, -45, 0],
							"uv": {
								"north": {"uv": [0, 8], "uv_size": [1, 1]},
								"east": {"uv": [0, 8], "uv_size": [1, 1]},
								"south": {"uv": [0, 8], "uv_size": [1, 1]},
								"west": {"uv": [0, 8], "uv_size": [1, 1]},
								"up": {"uv": [1, 9], "uv_size": [-1, -1]},
								"down": {"uv": [1, 9], "uv_size": [-1, -1]}
							}
						},
						{
							"origin": [-7.5, 16.75, -0.5],
							"size": [15, 1, 1],
							"pivot": [0, 18.25, 0],
							"rotation": [0, 45, 0],
							"uv": {
								"north": {"uv": [0, 8], "uv_size": [1, 1]},
								"east": {"uv": [0, 8], "uv_size": [1, 1]},
								"south": {"uv": [0, 8], "uv_size": [1, 1]},
								"west": {"uv": [0, 8], "uv_size": [1, 1]},
								"up": {"uv": [1, 9], "uv_size": [-1, -1]},
								"down": {"uv": [1, 9], "uv_size": [-1, -1]}
							}
						},
						{
							"origin": [-1.5, 16.5, -1.5],
							"size": [3, 1, 3],
							"uv": {
								"north": {"uv": [0, 8], "uv_size": [1, 1]},
								"east": {"uv": [0, 8], "uv_size": [1, 1]},
								"south": {"uv": [0, 8], "uv_size": [1, 1]},
								"west": {"uv": [0, 8], "uv_size": [1, 1]},
								"up": {"uv": [1, 9], "uv_size": [-1, -1]},
								"down": {"uv": [1, 9], "uv_size": [-1, -1]}
							}
						},
						{
							"origin": [0.82322, 26.04124, -7],
							"size": [0.5, 5, 14],
							"pivot": [0.32322, 29.79124, -3.5],
							"rotation": [0, 0, -45],
							"uv": {
								"north": {"uv": [9, 13], "uv_size": [-1, -1]},
								"east": {"uv": [9, 9], "uv_size": [-1, -1]},
								"south": {"uv": [9, 13], "uv_size": [-1, -1]},
								"west": {"uv": [9, 13], "uv_size": [-1, -1]},
								"up": {"uv": [8, 12], "uv_size": [1, 1]},
								"down": {"uv": [8, 8], "uv_size": [1, 1]}
							}
						},
						{
							"origin": [-0.5, 26.95, -3.75],
							"size": [1, 4, 1],
							"uv": {
								"north": {"uv": [1, 8], "uv_size": [-1, 1]},
								"east": {"uv": [1, 8], "uv_size": [-1, 1]},
								"south": {"uv": [1, 8], "uv_size": [-1, 1]},
								"west": {"uv": [1, 8], "uv_size": [-1, 1]},
								"up": {"uv": [0, 9], "uv_size": [1, -1]},
								"down": {"uv": [0, 9], "uv_size": [1, -1]}
							}
						},
						{
							"origin": [-0.5, 26.75, 2.75],
							"size": [1, 4, 1],
							"uv": {
								"north": {"uv": [0, 8], "uv_size": [1, 1]},
								"east": {"uv": [0, 8], "uv_size": [1, 1]},
								"south": {"uv": [0, 8], "uv_size": [1, 1]},
								"west": {"uv": [0, 8], "uv_size": [1, 1]},
								"up": {"uv": [1, 9], "uv_size": [-1, -1]},
								"down": {"uv": [1, 9], "uv_size": [-1, -1]}
							}
						},
						{
							"origin": [-5, 17.5, -5],
							"size": [10, 0.5, 10],
							"uv": {
								"north": {"uv": [0, 8], "uv_size": [1, 1]},
								"east": {"uv": [0, 8], "uv_size": [1, 1]},
								"south": {"uv": [0, 8], "uv_size": [1, 1]},
								"west": {"uv": [0, 8], "uv_size": [1, 1]},
								"up": {"uv": [1, 9], "uv_size": [-1, -1]},
								"down": {"uv": [1, 9], "uv_size": [-1, -1]}
							}
						},
						{
							"origin": [-4.5, 18, 3],
							"size": [9, 1, 1],
							"uv": {
								"north": {"uv": [0, 8], "uv_size": [1, 1]},
								"east": {"uv": [0, 0], "uv_size": [1, 1]},
								"south": {"uv": [0, 8], "uv_size": [1, 1]},
								"west": {"uv": [0, 0], "uv_size": [1, 1]},
								"up": {"uv": [1, 9], "uv_size": [-1, -1]},
								"down": {"uv": [1, 9], "uv_size": [-1, -1]}
							}
						},
						{
							"origin": [-9.21301, 26.47293, -4.00152],
							"size": [5.25, 0.5, 1],
							"pivot": [-6.46301, 27.97293, -0.00152],
							"rotation": [0, 0, -22.5],
							"uv": {
								"north": {"uv": [13, 13], "uv_size": [-1, -1]},
								"east": {"uv": [13, 13], "uv_size": [-1, -1]},
								"south": {"uv": [13, 13], "uv_size": [-1, -1]},
								"west": {"uv": [13, 13], "uv_size": [-1, -1]},
								"up": {"uv": [12, 12], "uv_size": [1, 1]},
								"down": {"uv": [12, 12], "uv_size": [1, 1]}
							}
						},
						{
							"origin": [-4.5, 26, -3.5],
							"size": [5, 5, 1],
							"pivot": [0, 30.5, -3],
							"rotation": [0, 0, -45],
							"uv": {
								"north": {"uv": [1, 0], "uv_size": [-1, 1]},
								"east": {"uv": [1, 0], "uv_size": [-1, 1]},
								"south": {"uv": [1, 0], "uv_size": [-1, 1]},
								"west": {"uv": [1, 0], "uv_size": [-1, 1]},
								"up": {"uv": [0, 1], "uv_size": [1, -1]},
								"down": {"uv": [0, 1], "uv_size": [1, -1]}
							}
						},
						{
							"origin": [3.71129, 26.42159, -7.00019],
							"size": [5, 0.5, 14],
							"pivot": [6.21129, 27.92159, -0.00019],
							"rotation": [0, 0, 22.5],
							"uv": {
								"north": {"uv": [9, 13], "uv_size": [-1, -1]},
								"east": {"uv": [9, 13], "uv_size": [-1, -1]},
								"south": {"uv": [9, 13], "uv_size": [-1, -1]},
								"west": {"uv": [9, 13], "uv_size": [-1, -1]},
								"up": {"uv": [8, 12], "uv_size": [1, 1]},
								"down": {"uv": [8, 8], "uv_size": [1, 1]}
							}
						},
						{
							"origin": [-0.5, 31, -7],
							"size": [1, 1, 14],
							"uv": {
								"north": {"uv": [13, 13], "uv_size": [-1, -1]},
								"east": {"uv": [13, 13], "uv_size": [-1, -1]},
								"south": {"uv": [13, 13], "uv_size": [-1, -1]},
								"west": {"uv": [13, 13], "uv_size": [-1, -1]},
								"up": {"uv": [12, 12], "uv_size": [1, 1]},
								"down": {"uv": [12, 12], "uv_size": [1, 1]}
							}
						},
						{
							"origin": [-1.32322, 26.04124, -7],
							"size": [0.5, 5, 14],
							"pivot": [-0.32322, 29.79124, -3.5],
							"rotation": [0, 0, 45],
							"uv": {
								"north": {"uv": [9, 13], "uv_size": [-1, -1]},
								"east": {"uv": [9, 13], "uv_size": [-1, -1]},
								"south": {"uv": [9, 13], "uv_size": [-1, -1]},
								"west": {"uv": [9, 9], "uv_size": [-1, -1]},
								"up": {"uv": [8, 12], "uv_size": [1, 1]},
								"down": {"uv": [8, 8], "uv_size": [1, 1]}
							}
						},
						{
							"origin": [-8.71301, 26.42293, -7.00152],
							"size": [5, 0.5, 14],
							"pivot": [-6.21301, 27.92293, -0.00152],
							"rotation": [0, 0, -22.5],
							"uv": {
								"north": {"uv": [9, 13], "uv_size": [-1, -1]},
								"east": {"uv": [9, 13], "uv_size": [-1, -1]},
								"south": {"uv": [9, 13], "uv_size": [-1, -1]},
								"west": {"uv": [9, 13], "uv_size": [-1, -1]},
								"up": {"uv": [8, 12], "uv_size": [1, 1]},
								"down": {"uv": [8, 8], "uv_size": [1, 1]}
							}
						},
						{
							"origin": [1.07322, 26.09124, -4],
							"size": [0.5, 5, 1],
							"pivot": [0.57322, 29.84124, -3.5],
							"rotation": [0, 0, -45],
							"uv": {
								"north": {"uv": [13, 13], "uv_size": [-1, -1]},
								"east": {"uv": [13, 13], "uv_size": [-1, -1]},
								"south": {"uv": [13, 13], "uv_size": [-1, -1]},
								"west": {"uv": [13, 13], "uv_size": [-1, -1]},
								"up": {"uv": [12, 12], "uv_size": [1, 1]},
								"down": {"uv": [12, 12], "uv_size": [1, 1]}
							}
						},
						{
							"origin": [3.96129, 26.47159, -4.00019],
							"size": [5.25, 0.5, 1],
							"pivot": [6.46129, 27.97159, -0.00019],
							"rotation": [0, 0, 22.5],
							"uv": {
								"north": {"uv": [13, 13], "uv_size": [-1, -1]},
								"east": {"uv": [13, 13], "uv_size": [-1, -1]},
								"south": {"uv": [13, 13], "uv_size": [-1, -1]},
								"west": {"uv": [13, 13], "uv_size": [-1, -1]},
								"up": {"uv": [12, 12], "uv_size": [1, 1]},
								"down": {"uv": [12, 12], "uv_size": [1, 1]}
							}
						},
						{
							"origin": [1.07322, 26.09124, 3],
							"size": [0.5, 5, 1],
							"pivot": [0.57322, 29.84124, 3.5],
							"rotation": [0, 0, -45],
							"uv": {
								"north": {"uv": [13, 13], "uv_size": [-1, -1]},
								"east": {"uv": [13, 13], "uv_size": [-1, -1]},
								"south": {"uv": [13, 13], "uv_size": [-1, -1]},
								"west": {"uv": [13, 13], "uv_size": [-1, -1]},
								"up": {"uv": [12, 12], "uv_size": [1, 1]},
								"down": {"uv": [12, 12], "uv_size": [1, 1]}
							}
						},
						{
							"origin": [3.96129, 26.47159, 2.99981],
							"size": [5.25, 0.5, 1],
							"pivot": [6.46129, 27.97159, 6.99981],
							"rotation": [0, 0, 22.5],
							"uv": {
								"north": {"uv": [13, 13], "uv_size": [-1, -1]},
								"east": {"uv": [13, 13], "uv_size": [-1, -1]},
								"south": {"uv": [13, 13], "uv_size": [-1, -1]},
								"west": {"uv": [13, 13], "uv_size": [-1, -1]},
								"up": {"uv": [12, 12], "uv_size": [1, 1]},
								"down": {"uv": [12, 12], "uv_size": [1, 1]}
							}
						},
						{
							"origin": [-1.57322, 26.09124, 3],
							"size": [0.5, 5, 1],
							"pivot": [-0.57322, 29.84124, 3.5],
							"rotation": [0, 0, 45],
							"uv": {
								"north": {"uv": [13, 13], "uv_size": [-1, -1]},
								"east": {"uv": [13, 13], "uv_size": [-1, -1]},
								"south": {"uv": [13, 13], "uv_size": [-1, -1]},
								"west": {"uv": [13, 13], "uv_size": [-1, -1]},
								"up": {"uv": [12, 12], "uv_size": [1, 1]},
								"down": {"uv": [12, 12], "uv_size": [1, 1]}
							}
						},
						{
							"origin": [-9.21301, 26.47293, 2.99848],
							"size": [5.25, 0.5, 1],
							"pivot": [-6.46301, 27.97293, 6.99848],
							"rotation": [0, 0, -22.5],
							"uv": {
								"north": {"uv": [13, 13], "uv_size": [-1, -1]},
								"east": {"uv": [13, 13], "uv_size": [-1, -1]},
								"south": {"uv": [13, 13], "uv_size": [-1, -1]},
								"west": {"uv": [13, 13], "uv_size": [-1, -1]},
								"up": {"uv": [12, 12], "uv_size": [1, 1]},
								"down": {"uv": [12, 12], "uv_size": [1, 1]}
							}
						},
						{
							"origin": [-1.57322, 26.09124, -4],
							"size": [0.5, 5, 1],
							"pivot": [-0.57322, 29.84124, -3.5],
							"rotation": [0, 0, 45],
							"uv": {
								"north": {"uv": [13, 13], "uv_size": [-1, -1]},
								"east": {"uv": [13, 13], "uv_size": [-1, -1]},
								"south": {"uv": [13, 13], "uv_size": [-1, -1]},
								"west": {"uv": [13, 13], "uv_size": [-1, -1]},
								"up": {"uv": [12, 12], "uv_size": [1, 1]},
								"down": {"uv": [12, 12], "uv_size": [1, 1]}
							}
						},
						{
							"origin": [-0.49912, 31, 6.32937],
							"size": [1, 1, 2],
							"pivot": [0.00088, 32.71954, 6.82937],
							"rotation": [22.5, 0, 0],
							"uv": {
								"north": {"uv": [12, 13], "uv_size": [1, -1]},
								"east": {"uv": [12, 13], "uv_size": [1, -1]},
								"south": {"uv": [12, 13], "uv_size": [1, -1]},
								"west": {"uv": [12, 13], "uv_size": [1, -1]},
								"up": {"uv": [12, 13], "uv_size": [1, -1]},
								"down": {"uv": [12, 13], "uv_size": [1, -1]}
							}
						},
						{
							"origin": [-0.50066, 31, -8.32914],
							"size": [1, 1, 2],
							"pivot": [-0.00066, 32.718, -6.82914],
							"rotation": [-22.5, 0, 0],
							"uv": {
								"north": {"uv": [13, 13], "uv_size": [-1, -1]},
								"east": {"uv": [13, 13], "uv_size": [-1, -1]},
								"south": {"uv": [13, 13], "uv_size": [-1, -1]},
								"west": {"uv": [13, 13], "uv_size": [-1, -1]},
								"up": {"uv": [12, 12], "uv_size": [1, 1]},
								"down": {"uv": [12, 12], "uv_size": [1, 1]}
							}
						}
					]
				},
				{
					"name": "side",
					"parent": "up",
					"pivot": [0, 1, 0]
				},
				{
					"name": "side1",
					"parent": "side",
					"pivot": [0, 8, 0],
					"cubes": [
						{
							"origin": [-3.5, 23, -3.7],
							"size": [7, 0.2, 0.2],
							"uv": {
								"north": {"uv": [1, 5], "uv_size": [-1, 1]},
								"east": {"uv": [1, 5], "uv_size": [-1, 1]},
								"south": {"uv": [1, 5], "uv_size": [-1, 1]},
								"west": {"uv": [1, 5], "uv_size": [-1, 1]},
								"up": {"uv": [0, 6], "uv_size": [1, -1]},
								"down": {"uv": [0, 6], "uv_size": [1, -1]}
							}
						},
						{
							"origin": [-3.5, 23.85, -3.7],
							"size": [7, 0.2, 0.2],
							"uv": {
								"north": {"uv": [1, 5], "uv_size": [-1, 1]},
								"east": {"uv": [1, 5], "uv_size": [-1, 1]},
								"south": {"uv": [1, 5], "uv_size": [-1, 1]},
								"west": {"uv": [1, 5], "uv_size": [-1, 1]},
								"up": {"uv": [0, 6], "uv_size": [1, -1]},
								"down": {"uv": [0, 6], "uv_size": [1, -1]}
							}
						},
						{
							"origin": [-3.5, 24.45, -3.7],
							"size": [7, 0.55, 0.2],
							"uv": {
								"north": {"uv": [1, 5], "uv_size": [-1, 1]},
								"east": {"uv": [1, 5], "uv_size": [-1, 1]},
								"south": {"uv": [1, 5], "uv_size": [-1, 1]},
								"west": {"uv": [1, 5], "uv_size": [-1, 1]},
								"up": {"uv": [0, 6], "uv_size": [1, -1]},
								"down": {"uv": [0, 6], "uv_size": [1, -1]}
							}
						},
						{
							"origin": [-3.5, 20.73333, -3.7],
							"size": [7, 0.2, 0.2],
							"uv": {
								"north": {"uv": [1, 5], "uv_size": [-1, 1]},
								"east": {"uv": [1, 5], "uv_size": [-1, 1]},
								"south": {"uv": [1, 5], "uv_size": [-1, 1]},
								"west": {"uv": [1, 5], "uv_size": [-1, 1]},
								"up": {"uv": [0, 6], "uv_size": [1, -1]},
								"down": {"uv": [0, 6], "uv_size": [1, -1]}
							}
						},
						{
							"origin": [-3.5, 19.88333, -3.7],
							"size": [7, 0.2, 0.2],
							"uv": {
								"north": {"uv": [1, 5], "uv_size": [-1, 1]},
								"east": {"uv": [1, 5], "uv_size": [-1, 1]},
								"south": {"uv": [1, 5], "uv_size": [-1, 1]},
								"west": {"uv": [1, 5], "uv_size": [-1, 1]},
								"up": {"uv": [0, 6], "uv_size": [1, -1]},
								"down": {"uv": [0, 6], "uv_size": [1, -1]}
							}
						},
						{
							"origin": [-3.5, 18.93333, -3.7],
							"size": [7, 0.55, 0.2],
							"uv": {
								"north": {"uv": [1, 5], "uv_size": [-1, 1]},
								"east": {"uv": [1, 5], "uv_size": [-1, 1]},
								"south": {"uv": [1, 5], "uv_size": [-1, 1]},
								"west": {"uv": [1, 5], "uv_size": [-1, 1]},
								"up": {"uv": [0, 6], "uv_size": [1, -1]},
								"down": {"uv": [0, 6], "uv_size": [1, -1]}
							}
						},
						{
							"origin": [1.03333, 18.46667, -3.7],
							"size": [0.2, 7, 0.2],
							"uv": {
								"north": {"uv": [1, 5], "uv_size": [-1, 1]},
								"east": {"uv": [1, 5], "uv_size": [-1, 1]},
								"south": {"uv": [1, 5], "uv_size": [-1, 1]},
								"west": {"uv": [1, 5], "uv_size": [-1, 1]},
								"up": {"uv": [0, 6], "uv_size": [1, -1]},
								"down": {"uv": [0, 6], "uv_size": [1, -1]}
							}
						},
						{
							"origin": [1.88333, 18.46667, -3.7],
							"size": [0.2, 7, 0.2],
							"uv": {
								"north": {"uv": [1, 5], "uv_size": [-1, 1]},
								"east": {"uv": [1, 5], "uv_size": [-1, 1]},
								"south": {"uv": [1, 5], "uv_size": [-1, 1]},
								"west": {"uv": [1, 5], "uv_size": [-1, 1]},
								"up": {"uv": [0, 6], "uv_size": [1, -1]},
								"down": {"uv": [0, 6], "uv_size": [1, -1]}
							}
						},
						{
							"origin": [2.48333, 18.46667, -3.7],
							"size": [0.55, 7, 0.2],
							"uv": {
								"north": {"uv": [1, 5], "uv_size": [-1, 1]},
								"east": {"uv": [1, 5], "uv_size": [-1, 1]},
								"south": {"uv": [1, 5], "uv_size": [-1, 1]},
								"west": {"uv": [1, 5], "uv_size": [-1, 1]},
								"up": {"uv": [0, 6], "uv_size": [1, -1]},
								"down": {"uv": [0, 6], "uv_size": [1, -1]}
							}
						},
						{
							"origin": [-1.23333, 18.46667, -3.7],
							"size": [0.2, 7, 0.2],
							"uv": {
								"north": {"uv": [1, 5], "uv_size": [-1, 1]},
								"east": {"uv": [1, 5], "uv_size": [-1, 1]},
								"south": {"uv": [1, 5], "uv_size": [-1, 1]},
								"west": {"uv": [1, 5], "uv_size": [-1, 1]},
								"up": {"uv": [0, 6], "uv_size": [1, -1]},
								"down": {"uv": [0, 6], "uv_size": [1, -1]}
							}
						},
						{
							"origin": [-2.08333, 18.46667, -3.7],
							"size": [0.2, 7, 0.2],
							"uv": {
								"north": {"uv": [1, 5], "uv_size": [-1, 1]},
								"east": {"uv": [1, 5], "uv_size": [-1, 1]},
								"south": {"uv": [1, 5], "uv_size": [-1, 1]},
								"west": {"uv": [1, 5], "uv_size": [-1, 1]},
								"up": {"uv": [0, 6], "uv_size": [1, -1]},
								"down": {"uv": [0, 6], "uv_size": [1, -1]}
							}
						},
						{
							"origin": [-3.03333, 18.46667, -3.7],
							"size": [0.55, 7, 0.2],
							"uv": {
								"north": {"uv": [1, 5], "uv_size": [-1, 1]},
								"east": {"uv": [1, 5], "uv_size": [-1, 1]},
								"south": {"uv": [1, 5], "uv_size": [-1, 1]},
								"west": {"uv": [1, 5], "uv_size": [-1, 1]},
								"up": {"uv": [0, 6], "uv_size": [1, -1]},
								"down": {"uv": [0, 6], "uv_size": [1, -1]}
							}
						}
					]
				},
				{
					"name": "side2",
					"parent": "side",
					"pivot": [0, 8, 0],
					"cubes": [
						{
							"origin": [-3.5, 23, 3.5],
							"size": [7, 0.2, 0.2],
							"uv": {
								"north": {"uv": [0, 5], "uv_size": [1, 1]},
								"east": {"uv": [0, 5], "uv_size": [1, 1]},
								"south": {"uv": [0, 5], "uv_size": [1, 1]},
								"west": {"uv": [0, 5], "uv_size": [1, 1]},
								"up": {"uv": [0, 5], "uv_size": [1, 1]},
								"down": {"uv": [0, 5], "uv_size": [1, 1]}
							}
						},
						{
							"origin": [-3.5, 23.85, 3.5],
							"size": [7, 0.2, 0.2],
							"uv": {
								"north": {"uv": [0, 5], "uv_size": [1, 1]},
								"east": {"uv": [0, 5], "uv_size": [1, 1]},
								"south": {"uv": [0, 5], "uv_size": [1, 1]},
								"west": {"uv": [0, 5], "uv_size": [1, 1]},
								"up": {"uv": [0, 5], "uv_size": [1, 1]},
								"down": {"uv": [0, 5], "uv_size": [1, 1]}
							}
						},
						{
							"origin": [-3.5, 24.45, 3.5],
							"size": [7, 0.55, 0.2],
							"uv": {
								"north": {"uv": [0, 5], "uv_size": [1, 1]},
								"east": {"uv": [0, 5], "uv_size": [1, 1]},
								"south": {"uv": [0, 5], "uv_size": [1, 1]},
								"west": {"uv": [0, 5], "uv_size": [1, 1]},
								"up": {"uv": [0, 5], "uv_size": [1, 1]},
								"down": {"uv": [0, 5], "uv_size": [1, 1]}
							}
						},
						{
							"origin": [-3.5, 20.73333, 3.5],
							"size": [7, 0.2, 0.2],
							"uv": {
								"north": {"uv": [0, 5], "uv_size": [1, 1]},
								"east": {"uv": [0, 5], "uv_size": [1, 1]},
								"south": {"uv": [0, 5], "uv_size": [1, 1]},
								"west": {"uv": [0, 5], "uv_size": [1, 1]},
								"up": {"uv": [0, 5], "uv_size": [1, 1]},
								"down": {"uv": [0, 5], "uv_size": [1, 1]}
							}
						},
						{
							"origin": [-3.5, 19.88333, 3.5],
							"size": [7, 0.2, 0.2],
							"uv": {
								"north": {"uv": [0, 5], "uv_size": [1, 1]},
								"east": {"uv": [0, 5], "uv_size": [1, 1]},
								"south": {"uv": [0, 5], "uv_size": [1, 1]},
								"west": {"uv": [0, 5], "uv_size": [1, 1]},
								"up": {"uv": [0, 5], "uv_size": [1, 1]},
								"down": {"uv": [0, 5], "uv_size": [1, 1]}
							}
						},
						{
							"origin": [-3.5, 18.93333, 3.5],
							"size": [7, 0.55, 0.2],
							"uv": {
								"north": {"uv": [0, 5], "uv_size": [1, 1]},
								"east": {"uv": [0, 5], "uv_size": [1, 1]},
								"south": {"uv": [0, 5], "uv_size": [1, 1]},
								"west": {"uv": [0, 5], "uv_size": [1, 1]},
								"up": {"uv": [0, 5], "uv_size": [1, 1]},
								"down": {"uv": [0, 5], "uv_size": [1, 1]}
							}
						},
						{
							"origin": [1.03333, 18.46667, 3.5],
							"size": [0.2, 7, 0.2],
							"uv": {
								"north": {"uv": [1, 6], "uv_size": [-1, -1]},
								"east": {"uv": [1, 6], "uv_size": [-1, -1]},
								"south": {"uv": [1, 6], "uv_size": [-1, -1]},
								"west": {"uv": [1, 6], "uv_size": [-1, -1]},
								"up": {"uv": [1, 6], "uv_size": [-1, -1]},
								"down": {"uv": [1, 6], "uv_size": [-1, -1]}
							}
						},
						{
							"origin": [1.88333, 18.46667, 3.5],
							"size": [0.2, 7, 0.2],
							"uv": {
								"north": {"uv": [1, 6], "uv_size": [-1, -1]},
								"east": {"uv": [1, 6], "uv_size": [-1, -1]},
								"south": {"uv": [1, 6], "uv_size": [-1, -1]},
								"west": {"uv": [1, 6], "uv_size": [-1, -1]},
								"up": {"uv": [1, 6], "uv_size": [-1, -1]},
								"down": {"uv": [1, 6], "uv_size": [-1, -1]}
							}
						},
						{
							"origin": [2.48333, 18.46667, 3.5],
							"size": [0.55, 7, 0.2],
							"uv": {
								"north": {"uv": [1, 6], "uv_size": [-1, -1]},
								"east": {"uv": [1, 6], "uv_size": [-1, -1]},
								"south": {"uv": [1, 6], "uv_size": [-1, -1]},
								"west": {"uv": [1, 6], "uv_size": [-1, -1]},
								"up": {"uv": [1, 6], "uv_size": [-1, -1]},
								"down": {"uv": [1, 6], "uv_size": [-1, -1]}
							}
						},
						{
							"origin": [-1.23333, 18.46667, 3.5],
							"size": [0.2, 7, 0.2],
							"uv": {
								"north": {"uv": [1, 6], "uv_size": [-1, -1]},
								"east": {"uv": [1, 6], "uv_size": [-1, -1]},
								"south": {"uv": [1, 6], "uv_size": [-1, -1]},
								"west": {"uv": [1, 6], "uv_size": [-1, -1]},
								"up": {"uv": [1, 6], "uv_size": [-1, -1]},
								"down": {"uv": [1, 6], "uv_size": [-1, -1]}
							}
						},
						{
							"origin": [-2.08333, 18.46667, 3.5],
							"size": [0.2, 7, 0.2],
							"uv": {
								"north": {"uv": [1, 6], "uv_size": [-1, -1]},
								"east": {"uv": [1, 6], "uv_size": [-1, -1]},
								"south": {"uv": [1, 6], "uv_size": [-1, -1]},
								"west": {"uv": [1, 6], "uv_size": [-1, -1]},
								"up": {"uv": [1, 6], "uv_size": [-1, -1]},
								"down": {"uv": [1, 6], "uv_size": [-1, -1]}
							}
						},
						{
							"origin": [-3.03333, 18.46667, 3.5],
							"size": [0.55, 7, 0.2],
							"uv": {
								"north": {"uv": [1, 6], "uv_size": [-1, -1]},
								"east": {"uv": [1, 6], "uv_size": [-1, -1]},
								"south": {"uv": [1, 6], "uv_size": [-1, -1]},
								"west": {"uv": [1, 6], "uv_size": [-1, -1]},
								"up": {"uv": [1, 6], "uv_size": [-1, -1]},
								"down": {"uv": [1, 6], "uv_size": [-1, -1]}
							}
						}
					]
				},
				{
					"name": "side3",
					"parent": "side",
					"pivot": [0, 8, 0],
					"cubes": [
						{
							"origin": [3.5, 23, -3.5],
							"size": [0.2, 0.2, 7],
							"uv": {
								"north": {"uv": [0, 5], "uv_size": [1, 1]},
								"east": {"uv": [0, 5], "uv_size": [1, 1]},
								"south": {"uv": [0, 5], "uv_size": [1, 1]},
								"west": {"uv": [0, 5], "uv_size": [1, 1]},
								"up": {"uv": [0, 5], "uv_size": [1, 1]},
								"down": {"uv": [0, 5], "uv_size": [1, 1]}
							}
						},
						{
							"origin": [3.5, 23.85, -3.5],
							"size": [0.2, 0.2, 7],
							"uv": {
								"north": {"uv": [0, 5], "uv_size": [1, 1]},
								"east": {"uv": [0, 5], "uv_size": [1, 1]},
								"south": {"uv": [0, 5], "uv_size": [1, 1]},
								"west": {"uv": [0, 5], "uv_size": [1, 1]},
								"up": {"uv": [0, 5], "uv_size": [1, 1]},
								"down": {"uv": [0, 5], "uv_size": [1, 1]}
							}
						},
						{
							"origin": [3.5, 24.45, -3.5],
							"size": [0.2, 0.55, 7],
							"uv": {
								"north": {"uv": [0, 5], "uv_size": [1, 1]},
								"east": {"uv": [0, 5], "uv_size": [1, 1]},
								"south": {"uv": [0, 5], "uv_size": [1, 1]},
								"west": {"uv": [0, 5], "uv_size": [1, 1]},
								"up": {"uv": [0, 5], "uv_size": [1, 1]},
								"down": {"uv": [0, 5], "uv_size": [1, 1]}
							}
						},
						{
							"origin": [3.5, 20.73333, -3.5],
							"size": [0.2, 0.2, 7],
							"uv": {
								"north": {"uv": [0, 5], "uv_size": [1, 1]},
								"east": {"uv": [0, 5], "uv_size": [1, 1]},
								"south": {"uv": [0, 5], "uv_size": [1, 1]},
								"west": {"uv": [0, 5], "uv_size": [1, 1]},
								"up": {"uv": [0, 5], "uv_size": [1, 1]},
								"down": {"uv": [0, 5], "uv_size": [1, 1]}
							}
						},
						{
							"origin": [3.5, 19.88333, -3.5],
							"size": [0.2, 0.2, 7],
							"uv": {
								"north": {"uv": [0, 5], "uv_size": [1, 1]},
								"east": {"uv": [0, 5], "uv_size": [1, 1]},
								"south": {"uv": [0, 5], "uv_size": [1, 1]},
								"west": {"uv": [0, 5], "uv_size": [1, 1]},
								"up": {"uv": [0, 5], "uv_size": [1, 1]},
								"down": {"uv": [0, 5], "uv_size": [1, 1]}
							}
						},
						{
							"origin": [3.5, 18.93333, -3.5],
							"size": [0.2, 0.55, 7],
							"uv": {
								"north": {"uv": [0, 5], "uv_size": [1, 1]},
								"east": {"uv": [0, 5], "uv_size": [1, 1]},
								"south": {"uv": [0, 5], "uv_size": [1, 1]},
								"west": {"uv": [0, 5], "uv_size": [1, 1]},
								"up": {"uv": [0, 5], "uv_size": [1, 1]},
								"down": {"uv": [0, 5], "uv_size": [1, 1]}
							}
						},
						{
							"origin": [3.5, 18.46667, -1.23333],
							"size": [0.2, 7, 0.2],
							"uv": {
								"north": {"uv": [1, 6], "uv_size": [-1, -1]},
								"east": {"uv": [1, 6], "uv_size": [-1, -1]},
								"south": {"uv": [1, 6], "uv_size": [-1, -1]},
								"west": {"uv": [1, 6], "uv_size": [-1, -1]},
								"up": {"uv": [1, 6], "uv_size": [-1, -1]},
								"down": {"uv": [1, 6], "uv_size": [-1, -1]}
							}
						},
						{
							"origin": [3.5, 18.46667, -2.08333],
							"size": [0.2, 7, 0.2],
							"uv": {
								"north": {"uv": [1, 6], "uv_size": [-1, -1]},
								"east": {"uv": [1, 6], "uv_size": [-1, -1]},
								"south": {"uv": [1, 6], "uv_size": [-1, -1]},
								"west": {"uv": [1, 6], "uv_size": [-1, -1]},
								"up": {"uv": [1, 6], "uv_size": [-1, -1]},
								"down": {"uv": [1, 6], "uv_size": [-1, -1]}
							}
						},
						{
							"origin": [3.5, 18.46667, -3.03333],
							"size": [0.2, 7, 0.55],
							"uv": {
								"north": {"uv": [1, 6], "uv_size": [-1, -1]},
								"east": {"uv": [1, 6], "uv_size": [-1, -1]},
								"south": {"uv": [1, 6], "uv_size": [-1, -1]},
								"west": {"uv": [1, 6], "uv_size": [-1, -1]},
								"up": {"uv": [1, 6], "uv_size": [-1, -1]},
								"down": {"uv": [1, 6], "uv_size": [-1, -1]}
							}
						},
						{
							"origin": [3.5, 18.46667, 1.03333],
							"size": [0.2, 7, 0.2],
							"uv": {
								"north": {"uv": [1, 6], "uv_size": [-1, -1]},
								"east": {"uv": [1, 6], "uv_size": [-1, -1]},
								"south": {"uv": [1, 6], "uv_size": [-1, -1]},
								"west": {"uv": [1, 6], "uv_size": [-1, -1]},
								"up": {"uv": [1, 6], "uv_size": [-1, -1]},
								"down": {"uv": [1, 6], "uv_size": [-1, -1]}
							}
						},
						{
							"origin": [3.5, 18.46667, 1.88333],
							"size": [0.2, 7, 0.2],
							"uv": {
								"north": {"uv": [1, 6], "uv_size": [-1, -1]},
								"east": {"uv": [1, 6], "uv_size": [-1, -1]},
								"south": {"uv": [1, 6], "uv_size": [-1, -1]},
								"west": {"uv": [1, 6], "uv_size": [-1, -1]},
								"up": {"uv": [1, 6], "uv_size": [-1, -1]},
								"down": {"uv": [1, 6], "uv_size": [-1, -1]}
							}
						},
						{
							"origin": [3.5, 18.46667, 2.48333],
							"size": [0.2, 7, 0.55],
							"uv": {
								"north": {"uv": [1, 6], "uv_size": [-1, -1]},
								"east": {"uv": [1, 6], "uv_size": [-1, -1]},
								"south": {"uv": [1, 6], "uv_size": [-1, -1]},
								"west": {"uv": [1, 6], "uv_size": [-1, -1]},
								"up": {"uv": [1, 6], "uv_size": [-1, -1]},
								"down": {"uv": [1, 6], "uv_size": [-1, -1]}
							}
						}
					]
				},
				{
					"name": "side4",
					"parent": "side",
					"pivot": [0, 8, 0],
					"cubes": [
						{
							"origin": [-3.7, 23, -3.5],
							"size": [0.2, 0.2, 7],
							"uv": {
								"north": {"uv": [1, 5], "uv_size": [-1, 1]},
								"east": {"uv": [1, 5], "uv_size": [-1, 1]},
								"south": {"uv": [1, 5], "uv_size": [-1, 1]},
								"west": {"uv": [1, 5], "uv_size": [-1, 1]},
								"up": {"uv": [0, 6], "uv_size": [1, -1]},
								"down": {"uv": [0, 6], "uv_size": [1, -1]}
							}
						},
						{
							"origin": [-3.7, 23.85, -3.5],
							"size": [0.2, 0.2, 7],
							"uv": {
								"north": {"uv": [1, 5], "uv_size": [-1, 1]},
								"east": {"uv": [1, 5], "uv_size": [-1, 1]},
								"south": {"uv": [1, 5], "uv_size": [-1, 1]},
								"west": {"uv": [1, 5], "uv_size": [-1, 1]},
								"up": {"uv": [0, 6], "uv_size": [1, -1]},
								"down": {"uv": [0, 6], "uv_size": [1, -1]}
							}
						},
						{
							"origin": [-3.7, 24.45, -3.5],
							"size": [0.2, 0.55, 7],
							"uv": {
								"north": {"uv": [1, 5], "uv_size": [-1, 1]},
								"east": {"uv": [1, 5], "uv_size": [-1, 1]},
								"south": {"uv": [1, 5], "uv_size": [-1, 1]},
								"west": {"uv": [1, 5], "uv_size": [-1, 1]},
								"up": {"uv": [0, 6], "uv_size": [1, -1]},
								"down": {"uv": [0, 6], "uv_size": [1, -1]}
							}
						},
						{
							"origin": [-3.7, 20.73333, -3.5],
							"size": [0.2, 0.2, 7],
							"uv": {
								"north": {"uv": [1, 5], "uv_size": [-1, 1]},
								"east": {"uv": [1, 5], "uv_size": [-1, 1]},
								"south": {"uv": [1, 5], "uv_size": [-1, 1]},
								"west": {"uv": [1, 5], "uv_size": [-1, 1]},
								"up": {"uv": [0, 6], "uv_size": [1, -1]},
								"down": {"uv": [0, 6], "uv_size": [1, -1]}
							}
						},
						{
							"origin": [-3.7, 19.88333, -3.5],
							"size": [0.2, 0.2, 7],
							"uv": {
								"north": {"uv": [1, 5], "uv_size": [-1, 1]},
								"east": {"uv": [1, 5], "uv_size": [-1, 1]},
								"south": {"uv": [1, 5], "uv_size": [-1, 1]},
								"west": {"uv": [1, 5], "uv_size": [-1, 1]},
								"up": {"uv": [0, 6], "uv_size": [1, -1]},
								"down": {"uv": [0, 6], "uv_size": [1, -1]}
							}
						},
						{
							"origin": [-3.7, 18.93333, -3.5],
							"size": [0.2, 0.55, 7],
							"uv": {
								"north": {"uv": [1, 5], "uv_size": [-1, 1]},
								"east": {"uv": [1, 5], "uv_size": [-1, 1]},
								"south": {"uv": [1, 5], "uv_size": [-1, 1]},
								"west": {"uv": [1, 5], "uv_size": [-1, 1]},
								"up": {"uv": [0, 6], "uv_size": [1, -1]},
								"down": {"uv": [0, 6], "uv_size": [1, -1]}
							}
						},
						{
							"origin": [-3.7, 18.46667, -1.23333],
							"size": [0.2, 7, 0.2],
							"uv": {
								"north": {"uv": [1, 5], "uv_size": [-1, 1]},
								"east": {"uv": [1, 5], "uv_size": [-1, 1]},
								"south": {"uv": [1, 5], "uv_size": [-1, 1]},
								"west": {"uv": [1, 5], "uv_size": [-1, 1]},
								"up": {"uv": [0, 6], "uv_size": [1, -1]},
								"down": {"uv": [0, 6], "uv_size": [1, -1]}
							}
						},
						{
							"origin": [-3.7, 18.46667, -2.08333],
							"size": [0.2, 7, 0.2],
							"uv": {
								"north": {"uv": [1, 5], "uv_size": [-1, 1]},
								"east": {"uv": [1, 5], "uv_size": [-1, 1]},
								"south": {"uv": [1, 5], "uv_size": [-1, 1]},
								"west": {"uv": [1, 5], "uv_size": [-1, 1]},
								"up": {"uv": [0, 6], "uv_size": [1, -1]},
								"down": {"uv": [0, 6], "uv_size": [1, -1]}
							}
						},
						{
							"origin": [-3.7, 18.46667, -3.03333],
							"size": [0.2, 7, 0.55],
							"uv": {
								"north": {"uv": [1, 5], "uv_size": [-1, 1]},
								"east": {"uv": [1, 5], "uv_size": [-1, 1]},
								"south": {"uv": [1, 5], "uv_size": [-1, 1]},
								"west": {"uv": [1, 5], "uv_size": [-1, 1]},
								"up": {"uv": [0, 6], "uv_size": [1, -1]},
								"down": {"uv": [0, 6], "uv_size": [1, -1]}
							}
						},
						{
							"origin": [-3.7, 18.46667, 1.03333],
							"size": [0.2, 7, 0.2],
							"uv": {
								"north": {"uv": [1, 5], "uv_size": [-1, 1]},
								"east": {"uv": [1, 5], "uv_size": [-1, 1]},
								"south": {"uv": [1, 5], "uv_size": [-1, 1]},
								"west": {"uv": [1, 5], "uv_size": [-1, 1]},
								"up": {"uv": [0, 6], "uv_size": [1, -1]},
								"down": {"uv": [0, 6], "uv_size": [1, -1]}
							}
						},
						{
							"origin": [-3.7, 18.46667, 1.88333],
							"size": [0.2, 7, 0.2],
							"uv": {
								"north": {"uv": [1, 5], "uv_size": [-1, 1]},
								"east": {"uv": [1, 5], "uv_size": [-1, 1]},
								"south": {"uv": [1, 5], "uv_size": [-1, 1]},
								"west": {"uv": [1, 5], "uv_size": [-1, 1]},
								"up": {"uv": [0, 6], "uv_size": [1, -1]},
								"down": {"uv": [0, 6], "uv_size": [1, -1]}
							}
						},
						{
							"origin": [-3.7, 18.46667, 2.48333],
							"size": [0.2, 7, 0.55],
							"uv": {
								"north": {"uv": [1, 5], "uv_size": [-1, 1]},
								"east": {"uv": [1, 5], "uv_size": [-1, 1]},
								"south": {"uv": [1, 5], "uv_size": [-1, 1]},
								"west": {"uv": [1, 5], "uv_size": [-1, 1]},
								"up": {"uv": [0, 6], "uv_size": [1, -1]},
								"down": {"uv": [0, 6], "uv_size": [1, -1]}
							}
						}
					]
				}
			]
		}
	]
}