{
	"format_version": "1.12.0",
	"minecraft:geometry": [
		{
			"description": {
				"identifier": "geometry.touhou_little_maid.point",
				"texture_width": 16,
				"texture_height": 16,
				"visible_bounds_width": 2,
				"visible_bounds_height": 3,
				"visible_bounds_offset": [0, 0.5, 0]
			},
			"bones": [
				{
					"name": "bb_main",
					"pivot": [0, 0, 0],
					"cubes": [
						{"origin": [7, 0, -8], "size": [1, 4, 1], "uv": [0, 1]},
						{"origin": [7, 0, 7], "size": [1, 4, 1], "uv": [0, 1]},
						{"origin": [-2, 7, -8], "size": [4, 4, 1], "uv": [4, 5]},
						{"origin": [-8, 0, 7], "size": [1, 4, 1], "uv": [0, 1]},
						{"origin": [-8, 0, -8], "size": [1, 5, 1], "uv": [0, 1]},
						{"origin": [-8, 16, -8], "size": [1, 1, 2], "uv": [0, 2]},
						{"origin": [-8, 16, 7], "size": [3, 1, 1], "uv": [0, 1]},
						{"origin": [7, 16, 3], "size": [1, 1, 5], "uv": [0, 5]},
						{"origin": [7, 16, -8], "size": [1, 1, 1], "uv": [0, 1]}
					]
				}
			]
		}
	]
}