{
  "format_version": "1.12.0",
  "minecraft:entity": {
    "description": {
      "identifier": "touhou_little_maid:altar_main",
      "is_spawnable": false,
      "is_summonable": true
    },
    "component_groups": {
      "despawn":{ "minecraft:instant_despawn":{ "remove_child_entities": false } },
      "north":{"minecraft:variant": { "value": 0 }},
      "east": {"minecraft:variant": { "value": 1 }},
      "south":{"minecraft:variant": { "value": 2 }},
      "west": {"minecraft:variant": { "value": 3 }},
      "activated":{
        "minecraft:timer": {
        "looping": true,
        "time": 60,
        "time_down_event": {
          "event": "thlm:af"
          }
        }
      }
    },
    "components": {
      "minecraft:damage_sensor": { "triggers": [ { "cause": "all", "deals_damage": false } ] },
      "minecraft:collision_box": { "width": 0, "height": 0 },
      "minecraft:pushable": { "is_pushable": false, "is_pushable_by_piston": false },
      "minecraft:persistent": {},
      "minecraft:knockback_resistance": { "value": 1.0 }
    },
    "events": {
      "despawn":{ "add": { "component_groups": [ "despawn" ] } },
      "south":{ "add": { "component_groups": [ "south", "activated" ] } },
      "east" :{ "add": { "component_groups": [ "east", "activated"  ] } },
      "north":{ "add": { "component_groups": [ "north", "activated" ] } },
      "west" :{ "add": { "component_groups": [ "west", "activated" ] } },
      "thlm:at": {},
      "thlm:af": {}
    }
  }
}