{
  "format_version": "1.10.0",
  "minecraft:client_entity": {
    "description": {
      "identifier": "touhou_little_maid:fairy",
      "min_engine_version": "1.8.0",
      "materials": {
        "default": "entity_emissive_alpha",
        "wing": "danmaku_blending"
      },
      "textures": {
        "maid_fairy_0": "textures/entity/maid_fairy_0.png",
        "maid_fairy_1": "textures/entity/maid_fairy_1.png",
        "maid_fairy_2": "textures/entity/maid_fairy_2.png"
      },
      "geometry": {
        "default": "geometry.touhou_little_maid.fairy"
      },
      "render_controllers": [
        "controller.render.touhou_little_maid.fairy"
      ],
      "animations": {
        "blink": "animation.touhou_little_maid.basic.blink",
        "look_at_target": "animation.common.look_at_target",
        "wing": "animation.touhou_little_maid.basic.wing",
        "walk": "animation.touhou_little_maid.basic.walk",
        "hair_swing": "animation.touhou_little_maid.basic.hair_swing"
      },
      "scripts": {
        "pre_animation": [
          "variable.tcos0 = (Math.cos(query.modified_distance_moved * 38.17) * query.modified_move_speed / variable.gliding_speed_value) * 28.65;"
        ],
        "animate": [
          "blink",
          "wing",
          "look_at_target",
          "walk",
          "hair_swing"
        ]
      },
      "spawn_egg": {
        "base_color": "#13171A",
        "overlay_color": "#A5A5A5"
      }
    }
  }
}
