{
  "format_version": "1.10.0",
  "minecraft:client_entity": {
    "description": {
      "identifier": "touhou_little_maid:power_point",
      "min_engine_version": "1.8.0",
      "materials": {
        "default": "power_point"
      },
      "textures": {
        "default": "textures/entity/power_point.png"
      },
      "geometry": {
        "default": "geometry.power_point_b"
      },
      "animations": {
        "rotate": "animation.touhou_little_maid.camera_rot_by_power_point"
      },
      "scripts": {
        "animate": [
          "rotate"
        ]
      },
      "render_controllers": [
        "controller.render.power_point"
      ],
      "spawn_egg": {
        "texture": "touhou_little_maid:p_point",
        "texture_index": 0
      }
    }
  }
}
