{
  "format_version": "1.18.0",
  "minecraft:item": {
    "description": {
      "category": "Equipment",
      "identifier": "touhou_little_maid:hakurei_gohei_heart"
    },
    "components": {
      
      "minecraft:icon": {
        "texture": "touhou_little_maid.hakurei_gohei"
      },
      "minecraft:hand_equipped": true,
      "minecraft:on_use_on": {
        "on_use_on": {
          "event": "minecraft:on_use_on"
        }
      },
      "minecraft:projectile": {
        "minimum_critical_power": 1.25,
        "projectile_entity": "thlmd:danmaku_basic_heart"
      },
      "minecraft:enchantable":{
        "slot": "bow",
        "value": 15
      },
      "minecraft:shooter": {
        "ammunition": [
          {            
            "item": "touhou_little_maid:hakurei_gohei_heart",
            "use_offhand": true,
            "search_inventory": true,
            "use_in_creative": true
          }
        ],
        "max_draw_duration": 1,
        "scale_power_by_draw_duration": true,
        "charge_on_draw": false
      },
      "minecraft:repairable": {
        "repair_items": [
          {
            "items": ["minecraft:paper"],
            "repair_amount": 32
          }
        ]
      },
      "minecraft:durability": {
        "damage_chance": {
          "min": 10,
          "max": 50
        },
        "max_durability": 300
      },
      "minecraft:display_name": {
        "value": "item.touhou_little_maid:hakurei_gohei"
      },
      "minecraft:max_stack_size": 1
    },
    "events": {
      "minecraft:on_use_on": {
        "swing": {}
      }
    }
  }
}