{
  "format_version": "1.18.0",
  "minecraft:item": {
    "description": {
      "category": "Equipment",
      "identifier": "touhou_little_maid:hakurei_gohei_crafting_table"
    },
    "components": {
      "minecraft:icon": {
        "texture": "touhou_little_maid.hakurei_gohei"
      },
      "minecraft:hand_equipped": true,
      "minecraft:on_use_on": {
        "on_use_on": {
          "event": "thlm:hga"
        }
      },
      "minecraft:on_use": {
        "on_use": {
          "event": "thlm:hga",
          "target": "self"
        }
      },
      "minecraft:max_stack_size": 1
    },
    "events": {
      "thlm:hga": {
        "swing": {}
      }
    }
  }
}