{
	"format_version": "1.8.0",
	"render_controllers": {
		"controller.render.touhou_little_maid.fairy": {
			"arrays": {
				"textures": {
					"Array.skins": [
						"Texture.maid_fairy_0",
						"Texture.maid_fairy_1",
						"Texture.maid_fairy_2"
					]
				}
			},
			"geometry": "Geometry.default",
			"materials": [
				{"*": "Material.default"},
				{"wingLeft": "Material.wing"},
				{"wingRight": "Material.wing"}
			],
			"textures": [ "Array.skins[query.variant]" ],
			"uv_anim": {
				"offset": [
					0.0,
					0.0
				],
				"scale": [
					1.0,
					1.0
				]
			},
			"overlay_color": {
				"r": 0.0,
				"g": 0.0,
				"b": 0.0,
				"a": 0.0
			}
		}
	}
}
