{
	"format_version": "1.12.0",
	"minecraft:geometry": [
		{
			"description": {
				"identifier": "geometry.danmaku_basic_bubble",
				"texture_width": 416,
				"texture_height": 192,
				"visible_bounds_width": 5,
				"visible_bounds_height": 5,
				"visible_bounds_offset": [0, 0.5, 0]
			},
			"bones": [
				{
					"name": "danmaku",
					"pivot": [0, 0, 0],
					"cubes": [
						{
							"origin": [-15, -15, 0],
							"size": [30, 30, 0],
							"uv": {
								"south": {"uv": [1, 129], "uv_size": [30, 30]}
							}
						}
					]
				}
			]
		}
	]
}