{
	"format_version": "1.12.0",
	"minecraft:geometry": [
		{
			"description": {
				"identifier": "geometry.danmaku_basic_glowey_ball",
				"texture_width": 832,
				"texture_height": 64,
				"visible_bounds_width": 5,
				"visible_bounds_height": 5,
				"visible_bounds_offset": [0, 0.5, 0]
			},
			"bones": [
				{
					"name": "danmaku",
					"pivot": [0, 0, 0],
					"cubes": [
						{
							"origin": [-8, -8, 0],
							"size": [16, 16, 0],
							"uv": {
								"south": {"uv": [0, 0], "uv_size": [64, 64]}
							}
						}
					]
				}
			]
		}
	]
}