{
	"format_version": "1.12.0",
	"minecraft:geometry": [
		{
			"description": {
				"identifier": "geometry.danmaku_basic_pellet",
				"texture_width": 416,
				"texture_height": 128,
				"visible_bounds_width": 5,
				"visible_bounds_height": 5,
				"visible_bounds_offset": [0, 0.5, 0]
			},
			"bones": [
				{
					"name": "danmaku",
					"pivot": [0, 0, 0],
					"cubes": [
						{
							"origin": [-5, -5, 0],
							"size": [10, 10, 0],
							"uv": {
								"south": {
									"uv": [11, 11],
									"uv_size": [10, 10]
								}
							}
						}
					]
				}
			]
		}
	]
}