{
    "format_version": "1.18.0",
    "minecraft:item": {
      "description": {
        "identifier": "touhou_little_maid:power_point"
      },
      "components": {
        "minecraft:icon": {
          "texture": "touhou_little_maid.power_point"
        },
        "minecraft:hand_equipped": true,
        "minecraft:foil": true,
        "minecraft:on_use": {
            "on_use":{
                "event": "shoot",
                "target": "self"
            }
        },
        "minecraft:render_offsets": {
          "main_hand": {
              "first_person": {
                  "scale": [
                      0.039,
                      0.039,
                      0.039
                  ]
              },
              "third_person": {
                  "scale": [
                      0.0965,
                      0.0965,
                      0.0965
                  ]
              }
          },
          "off_hand": {
              "first_person": {
                  "scale": [
                      0.065,
                      0.065,
                      0.065
                  ]
              },
              "third_person": {
                  "scale": [
                      0.0965,
                      0.0965,
                      0.0965
                  ]
              }
          }
        }
      },
      "events": {
        "shoot": {
          "swing": {},
          "shoot": {
            "projectile": "touhou_little_maid:power_point",
            "launch_power": 1
          },
          "decrement_stack":{}
        }
      }
    }
  }