{
  "format_version": "1.18.20",
  "minecraft:entity": {
    "description": {
      "identifier": "touhou_little_maid:debug_fairy",
      "is_spawnable": true,
      "is_summonable": true,
      "is_experimental": false
    },
    "component_groups": {
      "minecraft:ranged_attack": {
        "minecraft:timer":{
          "time": [1.5, 3],
          "looping": true,
          "time_down_event": {
            "event": "thlm:ddb",
            "target": "self"
          }
        },
        "minecraft:behavior.ranged_attack": {
          "priority": 0,
          "attack_interval_min": 1.0,
          "attack_interval_max": 3.0,
          "attack_radius": 15.0
        }
      },
      "f1":{ "minecraft:variant": { "value": 0 }},
      "f2":{ "minecraft:variant": { "value": 1 }},
      "f3":{ "minecraft:variant": { "value": 2 }}
    },
    "components": {
      "minecraft:is_hidden_when_invisible": {
      },
      "minecraft:equip_item": {
      },
      "minecraft:collision_box": {
        "width": 0.6,
        "height": 1.9
      },
      "minecraft:type_family": {
        "family": [ "fairy", "monster", "mob" ]
      },
      "minecraft:breathable": {
        "total_supply": 15,
        "suffocate_time": 0,
        "breathes_water": true
      },

      "minecraft:health": {
        "value": 20,
        "max": 20
      },
      "minecraft:damage_sensor": {
        "triggers": {
          "cause": "fall",
          "deals_damage": false
        }
      },
      "minecraft:loot": {
        "table": "loot_tables/empty.json"
      },
      "minecraft:movement": {
        "value": 0.25
      },
      "minecraft:navigation.walk": {
        "is_amphibious": true,
        "avoid_sun": false,
        "avoid_water": false
      },
      "minecraft:movement.basic": {
      },
      "minecraft:jump.static": {
      },
      "minecraft:can_climb": {
      },
      "minecraft:floats_in_liquid": {},
      "minecraft:behavior.float": {},
      "minecraft:nameable": {
      },
      "minecraft:despawn": {
        "despawn_from_distance": {}
      },
      "minecraft:behavior.ranged_attack": {
        "priority": 0,
        "attack_interval_min": 1.0,
        "attack_interval_max": 3.0,
        "attack_radius": 15.0
      },
      "minecraft:behavior.hurt_by_target": {
        "priority": 1
      },
      "minecraft:behavior.nearest_attackable_target": {
        "priority": 2,
        "must_see": true,
        "reselect_targets": true,
        "entity_types": [
          {
            "filters": {
              "test": "is_family",
              "subject": "other",
              "value": "player"
            },
            "max_dist": 16
          }
        ]
      },
      "minecraft:behavior.equip_item": {
        "priority": 3
      },
      "minecraft:behavior.random_stroll": {
        "priority": 6,
        "speed_multiplier": 1
      },
      "minecraft:behavior.look_at_player": {
        "priority": 7,
        "look_distance": 8
      },
      "minecraft:behavior.random_look_around": {
        "priority": 8
      },
      "minecraft:physics": {
      },
      "minecraft:pushable": {
        "is_pushable": true,
        "is_pushable_by_piston": true
      },
      "minecraft:conditional_bandwidth_optimization": {
      },
      "minecraft:on_death": {
        "event": "thlm:pfd",
        "target": "self"
      }
    },
    "events": {
      "minecraft:entity_spawned": {
        "sequence": [
          { "add": { "component_groups" : [ "minecraft:ranged_attack" ]}},
          {"trigger": "init_ramdon"}
        ]
      },
      "init_ramdon":{
        "randomize": [
            { "trigger": "init_f1", "weight": 6 },
            { "trigger": "init_f2", "weight": 3 },
            { "trigger": "init_f3", "weight": 1 }
        ]
      },
      "init_f1":{"sequence": [{ "add": { "component_groups": [ "f1" ] } }]},
      "init_f2":{"sequence": [{ "add": { "component_groups": [ "f2" ] } }]},
      "init_f3":{"sequence": [{ "add": { "component_groups": [ "f3" ] } }]},
      "thlm:ddb":{},
      "thlm:pfd":{}
    }
  }
}