{
  "format_version": "1.12.0",
  "minecraft:entity": {
    "description": {
      "identifier": "touhou_little_maid:power_point",
      "is_spawnable": false,
      "is_summonable": true,
      "is_experimental": false,
      "runtime_identifier": "minecraft:xp_bottle"
    },
    "component_groups": {
      "despawn":{
        "minecraft:instant_despawn": {
          "remove_child_entities": false
        }
      },
      "activate":{
        
      "minecraft:projectile": {
        "on_hit": {
         "definition_event": {
           "event_trigger": {
             "event": "hit",
             "target": "self"
           },
           "affect_projectile": true
         }
        },
          "power": 0.5,
          "gravity": 0.05,
          "angle_offset": -20.0,
          "hit_sound": "glass"
       }
      }
    },
    "components": {
      "minecraft:collision_box": {
        "width": 0.25,
        "height": 0.25
      },
	    "minecraft:physics": {
      },
      "minecraft:pushable": {
        "is_pushable": true,
        "is_pushable_by_piston": true
      },
      "minecraft:conditional_bandwidth_optimization": {
        "default_values": {
          "max_optimized_distance": 80.0,
          "max_dropped_ticks": 5,
          "use_motion_prediction_hints": true
        }
      }
    },
    "events": {
      "minecraft:entity_spawned": {
        "add": {
          "component_groups": [
            "activate"
          ]
        }
      },
      "hit":{
       "remove": {
        "component_groups": [
          "activate"
        ]
       } 
      },
      "despawn":{
        "add": {
          "component_groups": [
            "despawn"
          ]
        }
      }
    }
  }
}
