{
  "format_version": "1.10.0",
  "minecraft:attachable": {
    "description": {
      "identifier": "touhou_little_maid:hakurei_gohei_glowey_ball",
      "materials": {
        "default": "entity_alphatest",
        "enchanted": "entity_alphatest_glint",
        "blending": "danmaku_emissive"
      },
      "textures": {
        "default": "textures/items/hakurei_gohei_in_hand",
        "enchanted": "textures/items/hakurei_gohei_in_hand"
      },
      "geometry": {
        "default": "geometry.touhou_little_maid.hakurei_gohei_in_hand"
      },
      "animations": {
        "wield": "animation.hakurei_gohei.wield",
        "wield_first_person_pull": "animation.hakurei_gohei.wield_first_person_pull",
        "hide_cross": "animation.hakurei_gohei.hide_cross"
      },
      "enable_attachables": true,
      "scripts": {
        "animate": [
          "wield",
          {
            "hide_cross": "!c.is_first_person || !query.is_using_item"
          },
          {
            "wield_first_person_pull": "query.is_using_item && c.is_first_person"
          }
        ]
      },
      "render_controllers": [ "controller.render.touhou_little_maid:hakurei_gohei" ]
    }
  }
}
