{
  "credit": "Made with Blockbench",
  "texture_size": [
    64,
    64
  ],
  "textures": {
    "0": "touhou_little_maid:items/extinguisher_in_hand",
    "particle": "touhou_little_maid:items/extinguisher_in_hand"
  },
  "elements": [
    {
      "from": [
        6,
        0,
        6
      ],
      "to": [
        10,
        10,
        10
      ],
      "rotation": {
        "angle": 0,
        "axis": "y",
        "origin": [
          8,
          4,
          8
        ]
      },
      "faces": {
        "north": {
          "uv": [
            1,
            1,
            2,
            3.5
          ],
          "texture": "#0"
        },
        "east": {
          "uv": [
            0,
            1,
            1,
            3.5
          ],
          "texture": "#0"
        },
        "south": {
          "uv": [
            3,
            1,
            4,
            3.5
          ],
          "texture": "#0"
        },
        "west": {
          "uv": [
            2,
            1,
            3,
            3.5
          ],
          "texture": "#0"
        },
        "up": {
          "uv": [
            2,
            1,
            1,
            0
          ],
          "texture": "#0"
        },
        "down": {
          "uv": [
            3,
            0,
            2,
            1
          ],
          "texture": "#0"
        }
      }
    },
    {
      "from": [
        5.9,
        0.9,
        5.9
      ],
      "to": [
        10.1,
        2.1,
        10.1
      ],
      "rotation": {
        "angle": 0,
        "axis": "y",
        "origin": [
          8,
          3,
          8
        ]
      },
      "faces": {
        "north": {
          "uv": [
            5,
            1,
            6,
            1.25
          ],
          "texture": "#0"
        },
        "east": {
          "uv": [
            4,
            1,
            5,
            1.25
          ],
          "texture": "#0"
        },
        "south": {
          "uv": [
            7,
            1,
            8,
            1.25
          ],
          "texture": "#0"
        },
        "west": {
          "uv": [
            6,
            1,
            7,
            1.25
          ],
          "texture": "#0"
        },
        "up": {
          "uv": [
            6,
            1,
            5,
            0
          ],
          "texture": "#0"
        },
        "down": {
          "uv": [
            7,
            0,
            6,
            1
          ],
          "texture": "#0"
        }
      }
    },
    {
      "from": [
        6.5,
        9,
        6.5
      ],
      "to": [
        9.5,
        11,
        9.5
      ],
      "rotation": {
        "angle": 0,
        "axis": "y",
        "origin": [
          7.5,
          5,
          8.5
        ]
      },
      "faces": {
        "north": {
          "uv": [
            8.75,
            0.75,
            9.5,
            1.25
          ],
          "texture": "#0"
        },
        "east": {
          "uv": [
            8,
            0.75,
            8.75,
            1.25
          ],
          "texture": "#0"
        },
        "south": {
          "uv": [
            10.25,
            0.75,
            11,
            1.25
          ],
          "texture": "#0"
        },
        "west": {
          "uv": [
            9.5,
            0.75,
            10.25,
            1.25
          ],
          "texture": "#0"
        },
        "up": {
          "uv": [
            9.5,
            0.75,
            8.75,
            0
          ],
          "texture": "#0"
        },
        "down": {
          "uv": [
            10.25,
            0,
            9.5,
            0.75
          ],
          "texture": "#0"
        }
      }
    },
    {
      "from": [
        7,
        11,
        7
      ],
      "to": [
        9,
        13,
        9
      ],
      "rotation": {
        "angle": 0,
        "axis": "y",
        "origin": [
          8,
          11.5,
          8
        ]
      },
      "faces": {
        "north": {
          "uv": [
            11.5,
            0.5,
            12,
            1
          ],
          "texture": "#0"
        },
        "east": {
          "uv": [
            11,
            0.5,
            11.5,
            1
          ],
          "texture": "#0"
        },
        "south": {
          "uv": [
            12.5,
            0.5,
            13,
            1
          ],
          "texture": "#0"
        },
        "west": {
          "uv": [
            12,
            0.5,
            12.5,
            1
          ],
          "texture": "#0"
        },
        "up": {
          "uv": [
            12,
            0.5,
            11.5,
            0
          ],
          "texture": "#0"
        },
        "down": {
          "uv": [
            12.5,
            0,
            12,
            0.5
          ],
          "texture": "#0"
        }
      }
    },
    {
      "from": [
        5.8,
        11.2,
        7.2
      ],
      "to": [
        6.4,
        12.8,
        8.8
      ],
      "rotation": {
        "angle": 45,
        "axis": "x",
        "origin": [
          6.1,
          12,
          8
        ]
      },
      "faces": {
        "north": {
          "uv": [
            13.5,
            0.5,
            13.75,
            1
          ],
          "texture": "#0"
        },
        "east": {
          "uv": [
            13,
            0.5,
            13.5,
            1
          ],
          "texture": "#0"
        },
        "south": {
          "uv": [
            14.25,
            0.5,
            14.5,
            1
          ],
          "texture": "#0"
        },
        "west": {
          "uv": [
            13.75,
            0.5,
            14.25,
            1
          ],
          "texture": "#0"
        },
        "up": {
          "uv": [
            13.75,
            0.5,
            13.5,
            0
          ],
          "texture": "#0"
        },
        "down": {
          "uv": [
            14,
            0,
            13.75,
            0.5
          ],
          "texture": "#0"
        }
      }
    },
    {
      "from": [
        6.2,
        11.5,
        7.5
      ],
      "to": [
        7.2,
        12.5,
        8.5
      ],
      "rotation": {
        "angle": 0,
        "axis": "y",
        "origin": [
          6.2,
          12,
          8.5
        ]
      },
      "faces": {
        "north": {
          "uv": [
            4.25,
            1.5,
            4.5,
            1.75
          ],
          "texture": "#0"
        },
        "east": {
          "uv": [
            4,
            1.5,
            4.25,
            1.75
          ],
          "texture": "#0"
        },
        "south": {
          "uv": [
            4.75,
            1.5,
            5,
            1.75
          ],
          "texture": "#0"
        },
        "west": {
          "uv": [
            4.5,
            1.5,
            4.75,
            1.75
          ],
          "texture": "#0"
        },
        "up": {
          "uv": [
            4.5,
            1.5,
            4.25,
            1.25
          ],
          "texture": "#0"
        },
        "down": {
          "uv": [
            4.75,
            1.25,
            4.5,
            1.5
          ],
          "texture": "#0"
        }
      }
    },
    {
      "from": [
        7.3,
        11.3,
        4.8
      ],
      "to": [
        8.7,
        12.7,
        6.2
      ],
      "rotation": {
        "angle": 0,
        "axis": "y",
        "origin": [
          8,
          12,
          6
        ]
      },
      "faces": {
        "north": {
          "uv": [
            5.5,
            1.75,
            6,
            2.25
          ],
          "texture": "#0"
        },
        "east": {
          "uv": [
            5,
            1.75,
            5.5,
            2.25
          ],
          "texture": "#0"
        },
        "south": {
          "uv": [
            6.5,
            1.75,
            7,
            2.25
          ],
          "texture": "#0"
        },
        "west": {
          "uv": [
            6,
            1.75,
            6.5,
            2.25
          ],
          "texture": "#0"
        },
        "up": {
          "uv": [
            6,
            1.75,
            5.5,
            1.25
          ],
          "texture": "#0"
        },
        "down": {
          "uv": [
            6.5,
            1.25,
            6,
            1.75
          ],
          "texture": "#0"
        }
      }
    },
    {
      "from": [
        7.4,
        11.4,
        5.9
      ],
      "to": [
        8.6,
        12.6,
        7.1
      ],
      "rotation": {
        "angle": 0,
        "axis": "y",
        "origin": [
          8,
          11.5,
          6.5
        ]
      },
      "faces": {
        "north": {
          "uv": [
            5.5,
            3,
            6,
            3.5
          ],
          "texture": "#0"
        },
        "east": {
          "uv": [
            5,
            3,
            5.5,
            3.5
          ],
          "texture": "#0"
        },
        "south": {
          "uv": [
            6.5,
            3,
            7,
            3.5
          ],
          "texture": "#0"
        },
        "west": {
          "uv": [
            6,
            3,
            6.5,
            3.5
          ],
          "texture": "#0"
        },
        "up": {
          "uv": [
            6,
            3,
            5.5,
            2.5
          ],
          "texture": "#0"
        },
        "down": {
          "uv": [
            6.5,
            2.5,
            6,
            3
          ],
          "texture": "#0"
        }
      }
    },
    {
      "from": [
        7.1,
        12.1,
        7.2
      ],
      "to": [
        8.9,
        12.9,
        13
      ],
      "rotation": {
        "angle": -22.5,
        "axis": "x",
        "origin": [
          8,
          12.5,
          7.6
        ]
      },
      "faces": {
        "north": {
          "uv": [
            9,
            3,
            9.5,
            3.25
          ],
          "texture": "#0"
        },
        "east": {
          "uv": [
            7.5,
            3,
            9,
            3.25
          ],
          "texture": "#0"
        },
        "south": {
          "uv": [
            11,
            3,
            11.5,
            3.25
          ],
          "texture": "#0"
        },
        "west": {
          "uv": [
            9.5,
            3,
            11,
            3.25
          ],
          "texture": "#0"
        },
        "up": {
          "uv": [
            9.5,
            3,
            9,
            1.5
          ],
          "texture": "#0"
        },
        "down": {
          "uv": [
            10,
            1.5,
            9.5,
            3
          ],
          "texture": "#0"
        }
      }
    },
    {
      "from": [
        7.15,
        12.15,
        7.15
      ],
      "to": [
        8.85,
        12.85,
        12.85
      ],
      "rotation": {
        "angle": 0,
        "axis": "x",
        "origin": [
          8,
          12.5,
          7.5
        ]
      },
      "faces": {
        "north": {
          "uv": [
            1.5,
            5.25,
            2,
            5.5
          ],
          "texture": "#0"
        },
        "east": {
          "uv": [
            0,
            5.25,
            1.5,
            5.5
          ],
          "texture": "#0"
        },
        "south": {
          "uv": [
            3.5,
            5.25,
            4,
            5.5
          ],
          "texture": "#0"
        },
        "west": {
          "uv": [
            2,
            5.25,
            3.5,
            5.5
          ],
          "texture": "#0"
        },
        "up": {
          "uv": [
            2,
            5.25,
            1.5,
            3.75
          ],
          "texture": "#0"
        },
        "down": {
          "uv": [
            2.5,
            3.75,
            2,
            5.25
          ],
          "texture": "#0"
        }
      }
    }
  ],
  "display": {
    "thirdperson_righthand": {
      "translation": [
        0,
        -1.25,
        0
      ],
      "scale": [
        0.85,
        0.85,
        0.85
      ]
    },
    "thirdperson_lefthand": {
      "rotation": [
        0,
        -20,
        0
      ],
      "translation": [
        0,
        0,
        -1
      ],
      "scale": [
        0.95,
        0.95,
        0.95
      ]
    },
    "firstperson_righthand": {
      "rotation": [
        -0.5,
        10.75,
        0
      ],
      "translation": [
        0,
        2.75,
        -1
      ],
      "scale": [
        0.95,
        0.95,
        0.95
      ]
    },
    "firstperson_lefthand": {
      "rotation": [
        -0.5,
        10.75,
        0
      ],
      "translation": [
        0,
        2.75,
        -1
      ],
      "scale": [
        0.95,
        0.95,
        0.95
      ]
    },
    "ground": {
      "translation": [
        0,
        4.25,
        0
      ]
    },
    "gui": {
      "rotation": [
        0,
        90,
        0
      ]
    },
    "head": {
      "translation": [
        0,
        14.5,
        0
      ]
    },
    "fixed": {
      "rotation": [
        0,
        90,
        0
      ]
    }
  }
}