{
	"format_version": "1.12.0",
	"minecraft:geometry": [
		{
			"description": {
				"identifier": "geometry.touhou_little_maid.altar_item",
				"texture_width": 16,
				"texture_height": 16,
				"visible_bounds_width": 3,
				"visible_bounds_height": 2.5,
				"visible_bounds_offset": [0, 0.75, 0]
			},
			"bones": [
				{
					"name": "item",
					"pivot": [0, 17, 0],
					"cubes": [
						{
							"origin": [-1, 16, -1],
							"size": [2, 0, 2],
							"uv": {
								"north": {"uv": [0, 0], "uv_size": [2, 0]},
								"east": {"uv": [0, 0], "uv_size": [2, 0]},
								"south": {"uv": [0, 0], "uv_size": [2, 0]},
								"west": {"uv": [0, 0], "uv_size": [2, 0]},
								"up": {"uv": [2, 2], "uv_size": [-2, -2]},
								"down": {"uv": [2, 2], "uv_size": [-2, -2]}
							}
						}
					],
					"locators": {
						"lead": [0, 16, 0]
					}
				},
				{
					"name": "rightItem",
					"parent": "item",
					"pivot": [0.5, 17, -0.5],
					"rotation": [-85, 0, 0],
					"cubes": [
						{
							"origin": [-0.5, 17, -0.5],
							"size": [1, 1, 0],
							"uv": {
								"north": {"uv": [0, 0], "uv_size": [1, 1]},
								"east": {"uv": [0, 0], "uv_size": [0, 1]},
								"south": {"uv": [0, 0], "uv_size": [1, 1]},
								"west": {"uv": [0, 0], "uv_size": [0, 1]},
								"up": {"uv": [1, 0], "uv_size": [-1, 0]},
								"down": {"uv": [1, 0], "uv_size": [-1, 0]}
							}
						}
					]
				}
			]
		}
	]
}