{
	"format_version": "1.12.0",
	"minecraft:geometry": [
		{
			"description": {
				"identifier": "geometry.touhou_little_maid.fairy",
				"texture_width": 128,
				"texture_height": 128,
				"visible_bounds_width": 3,
				"visible_bounds_height": 3.5,
				"visible_bounds_offset": [0, 1.25, 0]
			},
			"bones": [
				{
					"name": "head",
					"pivot": [0, 18, 0],
					"cubes": [
						{"origin": [-4, 18, -4], "size": [8, 8, 8], "uv": [24, 24]}
					]
				},
				{
					"name": "hair",
					"parent": "head",
					"pivot": [0, 18.5, 3.75]
				},
				{
					"name": "hair1",
					"parent": "hair",
					"pivot": [3.5, 18.5, 3.75],
					"rotation": [15.00004, 20.00196, -5.00192],
					"cubes": [
						{"origin": [2.75, 9.5, 3.5], "size": [1, 9, 0], "uv": [30, 23]}
					]
				},
				{
					"name": "hair2",
					"parent": "hair",
					"pivot": [2.5, 18.5, 3.75],
					"rotation": [15.00004, 9.99811, -3.0023],
					"cubes": [
						{"origin": [1.9, 9.5, 3.75], "size": [1, 9, 0], "uv": [28, 23]}
					]
				},
				{
					"name": "hair3",
					"parent": "hair",
					"pivot": [1.5, 18.5, 3.75],
					"rotation": [16.99966, 5.00192, -1.00268],
					"cubes": [
						{"origin": [1, 9.5, 3.75], "size": [1, 9, 0], "uv": [26, 23]}
					]
				},
				{
					"name": "hair4",
					"parent": "hair",
					"pivot": [0.5, 18.5, 3.75],
					"rotation": [18.99928, 0, 0],
					"cubes": [
						{"origin": [0, 9.5, 3.75], "size": [1, 9, 0], "uv": [24, 23]}
					]
				},
				{
					"name": "hair5",
					"parent": "hair",
					"pivot": [-0.5, 18.5, 3.75],
					"rotation": [18.99928, 0, 1.00268],
					"cubes": [
						{"origin": [-1, 9.5, 3.75], "size": [1, 9, 0], "uv": [6, 0]}
					]
				},
				{
					"name": "hair6",
					"parent": "hair",
					"pivot": [-1.5, 18.5, 3.75],
					"rotation": [16.99966, -5.00192, 1.99962],
					"cubes": [
						{"origin": [-2, 9.5, 3.75], "size": [1, 9, 0], "uv": [4, 0]}
					]
				},
				{
					"name": "hair7",
					"parent": "hair",
					"pivot": [-2.5, 18.5, 3.75],
					"rotation": [16.00271, -9.99811, 3.0023],
					"cubes": [
						{"origin": [-3, 9.5, 3.75], "size": [1, 9, 0], "uv": [2, 0]}
					]
				},
				{
					"name": "hair8",
					"parent": "hair",
					"pivot": [-3.5, 18.5, 3.75],
					"rotation": [13.99736, -20.00196, 3.99925],
					"cubes": [
						{"origin": [-3.9, 9.5, 3.5], "size": [1, 9, 0], "uv": [0, 0]}
					]
				},
				{
					"name": "blink",
					"parent": "head",
					"pivot": [0, 0, 0],
					"cubes": [
						{"origin": [-4, 18, -4.001], "size": [8, 8, 0], "uv": [48, 10]}
					]
				},
				{
					"name": "les",
					"parent": "head",
					"pivot": [0, 18, 0],
					"cubes": [
						{"origin": [-4.5, 25.5, -1], "size": [9, 1, 1], "uv": [48, 18]},
						{"origin": [-2.5, 26, 0], "size": [5, 1, 0], "uv": [32, 23]},
						{"origin": [2.5, 25.75, -1], "size": [1, 1, 1], "uv": [62, 20]},
						{"origin": [0.5, 26, -1], "size": [1, 1, 1], "uv": [59, 62]},
						{"origin": [-1.5, 26, -1], "size": [1, 1, 1], "uv": [20, 62]},
						{"origin": [-3.5, 25.75, -1], "size": [1, 1, 1], "uv": [16, 62]},
						{"origin": [-5, 23.5, -0.001], "size": [1, 1, 0], "uv": [26, 19]},
						{"origin": [-4.75, 24.5, -1], "size": [1, 1, 1], "uv": [61, 49]},
						{"origin": [4, 23.5, -0.001], "size": [1, 1, 0], "uv": [24, 19]},
						{"origin": [3.75, 24.5, -1], "size": [1, 1, 1], "uv": [61, 47]}
					]
				},
				{
					"name": "armRight",
					"pivot": [-3, 17.5, 0],
					"rotation": [0, 0, 24.99815],
					"cubes": [
						{"origin": [-5, 8.5, -1], "size": [2, 8, 2], "uv": [8, 60]},
						{"origin": [-5.5, 13.5, -1.5], "size": [3, 4, 3], "uv": [48, 56]}
					]
				},
				{
					"name": "armLeft",
					"pivot": [3, 17.5, 0],
					"rotation": [0, 0, -24.99815],
					"cubes": [
						{"origin": [2.5, 13.5, -1.5], "size": [3, 4, 3], "uv": [36, 56]},
						{"origin": [3, 8.5, -1], "size": [2, 8, 2], "uv": [0, 60]}
					]
				},
				{
					"name": "body",
					"pivot": [0, 10.5, 0],
					"cubes": [
						{"origin": [-2.5, 13, -2.5], "size": [5, 5, 5], "uv": [43, 46]},
						{"origin": [-3, 12.999, -3], "size": [6, 5, 6], "uv": [24, 40]},
						{"origin": [-3.5, 10, -3.5], "size": [7, 3, 7], "uv": [36, 0]},
						{"origin": [-4, 7, -4], "size": [8, 3, 8], "uv": [24, 12]},
						{"origin": [-4.5, 4, -4.5], "size": [9, 3, 9], "uv": [0, 0]},
						{"origin": [-3.5, 8, -2], "size": [7, 2, 4], "uv": [42, 40]}
					]
				},
				{
					"name": "les2",
					"parent": "body",
					"pivot": [0, 18, 0],
					"cubes": [
						{"origin": [-5, 4, 2.5], "size": [1, 1, 1], "uv": [60, 58]},
						{"origin": [4, 4, 2.5], "size": [1, 1, 1], "uv": [60, 56]},
						{"origin": [-5, 4, 0.5], "size": [1, 1, 1], "uv": [60, 42]},
						{"origin": [4, 4, 0.5], "size": [1, 1, 1], "uv": [60, 40]},
						{"origin": [-5, 4, -1.5], "size": [1, 1, 1], "uv": [60, 5]},
						{"origin": [4, 4, -1.5], "size": [1, 1, 1], "uv": [60, 3]},
						{"origin": [-5, 4, -3.5], "size": [1, 1, 1], "uv": [60, 1]},
						{"origin": [4, 4, -3.5], "size": [1, 1, 1], "uv": [60, 60]},
						{"origin": [-3.5, 4, -5], "size": [1, 1, 1], "uv": [18, 60]},
						{"origin": [-3.5, 4, 4], "size": [1, 1, 1], "uv": [14, 60]},
						{"origin": [-1.5, 4, -5], "size": [1, 1, 1], "uv": [6, 60]},
						{"origin": [-1.5, 4, 4], "size": [1, 1, 1], "uv": [59, 38]},
						{"origin": [0.5, 4, -5], "size": [1, 1, 1], "uv": [59, 36]},
						{"origin": [0.5, 4, 4], "size": [1, 1, 1], "uv": [58, 48]},
						{"origin": [2.5, 4, -5], "size": [1, 1, 1], "uv": [58, 46]},
						{"origin": [2.5, 4, 4], "size": [1, 1, 1], "uv": [57, 4]}
					]
				},
				{
					"name": "les3",
					"parent": "body",
					"pivot": [0, 10.5, 0],
					"cubes": [
						{"origin": [-3.5, 17, -3], "size": [1, 1, 1], "uv": [57, 2]},
						{"origin": [-3.5, 15, -3], "size": [1, 1, 1], "uv": [57, 0]},
						{"origin": [-3.5, 13, -3], "size": [1, 1, 1], "uv": [57, 57]},
						{"origin": [-3.5, 14, -2], "size": [1, 3, 0], "uv": [34, 63]},
						{"origin": [-3.5, 14, 3], "size": [1, 3, 0], "uv": [32, 63]},
						{"origin": [-3.5, 13, 2], "size": [1, 1, 1], "uv": [56, 37]},
						{"origin": [-3.5, 15, 2], "size": [1, 1, 1], "uv": [56, 35]},
						{"origin": [-3.5, 17, 2], "size": [1, 1, 1], "uv": [45, 56]},
						{"origin": [2.5, 14, -2], "size": [1, 3, 0], "uv": [30, 63]},
						{"origin": [2.5, 13, -3], "size": [1, 1, 1], "uv": [36, 54]},
						{"origin": [2.5, 15, -3], "size": [1, 1, 1], "uv": [48, 29]},
						{"origin": [2.5, 17, -3], "size": [1, 1, 1], "uv": [48, 27]},
						{"origin": [2.5, 14, 3], "size": [1, 3, 0], "uv": [28, 63]},
						{"origin": [2.5, 13, 2], "size": [1, 1, 1], "uv": [48, 25]},
						{"origin": [2.5, 15, 2], "size": [1, 1, 1], "uv": [48, 23]},
						{"origin": [2.5, 17, 2], "size": [1, 1, 1], "uv": [44, 10]}
					]
				},
				{
					"name": "apron",
					"parent": "body",
					"pivot": [0, 13, -3.5],
					"rotation": [-15.00004, 0, 0],
					"cubes": [
						{"origin": [-3.5, 6, -3.501], "size": [7, 7, 0], "uv": [27, 0]},
						{"origin": [-3.5, 11, -4], "size": [1, 1, 1], "uv": [27, 7]},
						{"origin": [-3.5, 9, -4], "size": [1, 1, 1], "uv": [31, 7]},
						{"origin": [-3.5, 7, -4], "size": [1, 1, 1], "uv": [36, 10]},
						{"origin": [-2.5, 6, -4], "size": [1, 1, 1], "uv": [24, 40]},
						{"origin": [2.5, 7, -4], "size": [1, 1, 1], "uv": [40, 10]},
						{"origin": [1.5, 6, -4], "size": [1, 1, 1], "uv": [24, 42]},
						{"origin": [-0.5, 6, -4], "size": [1, 1, 1], "uv": [42, 42]},
						{"origin": [2.5, 9, -4], "size": [1, 1, 1], "uv": [42, 40]},
						{"origin": [2.5, 11, -4], "size": [1, 1, 1], "uv": [24, 44]}
					]
				},
				{
					"name": "decoration3",
					"parent": "body",
					"pivot": [0, 18, 0]
				},
				{
					"name": "bone7",
					"parent": "decoration3",
					"pivot": [0, 18, 0],
					"rotation": [0, -9.99811, 9.99811],
					"cubes": [
						{"origin": [-2.25, 16.5, -3], "size": [2, 1, 1], "uv": [24, 17]}
					]
				},
				{
					"name": "bone8",
					"parent": "decoration3",
					"pivot": [0, 18, 0],
					"rotation": [0, 9.99811, -9.99811],
					"cubes": [
						{"origin": [0.25, 16.5, -3], "size": [2, 1, 1], "uv": [24, 15]}
					]
				},
				{
					"name": "bone9",
					"parent": "decoration3",
					"pivot": [0, 18, 0],
					"rotation": [-5.00192, 0, -15.00004],
					"cubes": [
						{"origin": [-0.5, 14.75, -2.7], "size": [1, 2, 0], "uv": [36, 63]}
					]
				},
				{
					"name": "bone10",
					"parent": "decoration3",
					"pivot": [0, 18, 0],
					"rotation": [-5.00192, 0, 15.00004],
					"cubes": [
						{"origin": [-0.5, 14.75, -2.7], "size": [1, 2, 0], "uv": [62, 35]}
					]
				},
				{
					"name": "decoration4",
					"parent": "body",
					"pivot": [0, 12.25, 3],
					"cubes": [
						{"origin": [-1, 10.25, 3.7], "size": [2, 2, 1], "uv": [24, 12]}
					]
				},
				{
					"name": "bone11",
					"parent": "decoration4",
					"pivot": [0, 12.25, 3],
					"rotation": [0, 20.00196, 0]
				},
				{
					"name": "bone12",
					"parent": "bone11",
					"pivot": [0, 12.25, 3],
					"rotation": [0, 0, 20.00196]
				},
				{
					"name": "bone13",
					"parent": "bone11",
					"pivot": [0, 12.25, 3],
					"rotation": [0, 0, 22.00158],
					"cubes": [
						{"origin": [-4, 10, 3], "size": [4, 2, 1], "uv": [56, 32]}
					]
				},
				{
					"name": "bone14",
					"parent": "decoration4",
					"pivot": [0, 12.25, 3],
					"rotation": [0, -20.00196, 0]
				},
				{
					"name": "bone16",
					"parent": "bone14",
					"pivot": [0, 12.25, 3],
					"rotation": [0, 0, -22.00158],
					"cubes": [
						{"origin": [0, 10, 3], "size": [4, 2, 1], "uv": [33, 51]}
					]
				},
				{
					"name": "line",
					"parent": "decoration4",
					"pivot": [0, 12.25, 3],
					"rotation": [0, -45.00011, -30.00007]
				},
				{
					"name": "bone17",
					"parent": "line",
					"pivot": [0, 11.25, 4],
					"cubes": [
						{"origin": [0, 10.25, 4], "size": [0, 2, 1], "uv": [26, 62]}
					]
				},
				{
					"name": "bone18",
					"parent": "line",
					"pivot": [0, 11.25, 4],
					"rotation": [0, -15.00004, 0],
					"cubes": [
						{"origin": [0.2588, 10.25, 4.9659], "size": [0, 2, 1], "uv": [24, 62]}
					]
				},
				{
					"name": "bone19",
					"parent": "line",
					"pivot": [0, 11.25, 4],
					"rotation": [0, -30.00007, 0],
					"cubes": [
						{"origin": [0.7588, 10.25, 5.8319], "size": [0, 2, 1], "uv": [22, 59]}
					]
				},
				{
					"name": "bone20",
					"parent": "line",
					"pivot": [0, 11.25, 4],
					"rotation": [0, -45.00011, 0],
					"cubes": [
						{"origin": [1.4659, 10.25, 6.5391], "size": [0, 2, 1], "uv": [0, 59]}
					]
				},
				{
					"name": "bone21",
					"parent": "line",
					"pivot": [0, 11.25, 4],
					"rotation": [0, -60.00014, 0],
					"cubes": [
						{"origin": [2.3329, 10.25, 7.0391], "size": [0, 2, 1], "uv": [49, 55]}
					]
				},
				{
					"name": "bone22",
					"parent": "line",
					"pivot": [0, 11.25, 4],
					"rotation": [0, -75.00018, 0],
					"cubes": [
						{"origin": [3.2998, 10.25, 7.2976], "size": [0, 2, 1], "uv": [36, 55]}
					]
				},
				{
					"name": "bone23",
					"parent": "line",
					"pivot": [0, 11.25, 4],
					"rotation": [0, -90.00021, 0],
					"cubes": [
						{"origin": [4.3007, 10.25, 7.2971], "size": [0, 2, 1], "uv": [40, 53]}
					]
				},
				{
					"name": "bone24",
					"parent": "line",
					"pivot": [0, 11.25, 4],
					"rotation": [0, -105.00025, 0],
					"cubes": [
						{"origin": [5.2663, 10.25, 7.0376], "size": [0, 2, 1], "uv": [24, 50]}
					]
				},
				{
					"name": "bone25",
					"parent": "line",
					"pivot": [0, 11.25, 4],
					"rotation": [0, -120.00028, 0],
					"cubes": [
						{"origin": [6.1329, 10.25, 6.537], "size": [0, 2, 1], "uv": [28, 43]}
					]
				},
				{
					"name": "line2",
					"parent": "decoration4",
					"pivot": [0, 12.25, 3],
					"rotation": [0, -45.00011, -150.00035]
				},
				{
					"name": "bone26",
					"parent": "line2",
					"pivot": [0, 13.25, 4],
					"cubes": [
						{"origin": [0, 12.25, 4], "size": [0, 2, 1], "uv": [41, 4]}
					]
				},
				{
					"name": "bone27",
					"parent": "line2",
					"pivot": [0, 13.25, 4],
					"rotation": [0, -15.00004, 0],
					"cubes": [
						{"origin": [0.2588, 12.25, 4.9659], "size": [0, 2, 1], "uv": [41, 2]}
					]
				},
				{
					"name": "bone28",
					"parent": "line2",
					"pivot": [0, 13.25, 4],
					"rotation": [0, -30.00007, 0],
					"cubes": [
						{"origin": [0.7588, 12.25, 5.8319], "size": [0, 2, 1], "uv": [41, 0]}
					]
				},
				{
					"name": "bone29",
					"parent": "line2",
					"pivot": [0, 13.25, 4],
					"rotation": [0, -45.00011, 0],
					"cubes": [
						{"origin": [1.4659, 12.25, 6.5391], "size": [0, 2, 1], "uv": [28, 41]}
					]
				},
				{
					"name": "bone30",
					"parent": "line2",
					"pivot": [0, 13.25, 4],
					"rotation": [0, -60.00014, 0],
					"cubes": [
						{"origin": [2.3329, 12.25, 7.0391], "size": [0, 2, 1], "uv": [28, 39]}
					]
				},
				{
					"name": "bone31",
					"parent": "line2",
					"pivot": [0, 13.25, 4],
					"rotation": [0, -75.00018, 0],
					"cubes": [
						{"origin": [3.2998, 12.25, 7.2976], "size": [0, 2, 1], "uv": [30, 17]}
					]
				},
				{
					"name": "bone32",
					"parent": "line2",
					"pivot": [0, 13.25, 4],
					"rotation": [0, -90.00021, 0],
					"cubes": [
						{"origin": [4.3007, 12.25, 7.2971], "size": [0, 2, 1], "uv": [30, 15]}
					]
				},
				{
					"name": "bone33",
					"parent": "line2",
					"pivot": [0, 13.25, 4],
					"rotation": [0, -105.00025, 0],
					"cubes": [
						{"origin": [5.2663, 12.25, 7.0376], "size": [0, 2, 1], "uv": [30, 13]}
					]
				},
				{
					"name": "bone34",
					"parent": "line2",
					"pivot": [0, 13.25, 4],
					"rotation": [0, -120.00028, 0],
					"cubes": [
						{"origin": [6.1329, 12.25, 6.537], "size": [0, 2, 1], "uv": [30, 11]}
					]
				},
				{
					"name": "legLeft",
					"pivot": [2, 9, 0],
					"cubes": [
						{"origin": [0.5, 0, -1.5], "size": [3, 9, 3], "uv": [53, 20]}
					]
				},
				{
					"name": "legRight",
					"pivot": [-2, 9, 0],
					"cubes": [
						{"origin": [-3.5, 0, -1.5], "size": [3, 9, 3], "uv": [24, 51]}
					]
				},
				{
					"name": "wingLeft",
					"pivot": [1, 13, 4],
					"rotation": [-5.00192, 75.00018, 0],
					"cubes": [
						{"origin": [0.6049, 2, 3.9988], "size": [0, 24, 12], "uv": [0, 24]}
					]
				},
				{
					"name": "wingRight",
					"pivot": [0, 13, 5],
					"rotation": [-5.00192, -69.99825, 0],
					"cubes": [
						{"origin": [-0.6985, 2, 5.2899], "size": [0, 24, 12], "uv": [0, 0]}
					]
				}
			]
		}
	]
}